ID,user_name,seller_name,time,rating,text,verified,date
6612115183812106690,Sandra Rose,,1711485603230,5,The variety of your whole grain selection has transformed my baking.,No,2024-03-26
8901080271577445047,Russell Brown,,1711485603231,1,Ordered a variety of citrus fruits; each was juicy and packed with flavor.,Yes,2024-03-26
16207880809582634816,Regina Becker,,1711485603232,2,The variety of mushrooms available is impressive. Made for an exquisite risotto.,No,2024-03-26
8246339412431262000,Joseph Larson,,1711485603232,5,"Your prepared meals are a lifesaver on busy nights, without sacrificing quality.",No,2024-03-26
381985779262437492,Tina Conner,,1711485603233,3,"I'm always excited to see what new, seasonal items you'll offer next.",No,2024-03-26
15240983574355238550,Marie Cherry,,1711485603233,1,Your commitment to no-waste packaging is commendable and a deciding factor for me.,No,2024-03-26
894067412340472943,Christopher Miller,,1711485603234,2,"Cherries were sweet and ripe, without a single bad one in the batch.",No,2024-03-26
15579564080224871221,Ryan Weiss DDS,,1711485603235,3,"Excellent packaging, ensuring all the delicate greens arrived in perfect condition.",Yes,2024-03-26
15404780635668309688,Zachary Williams,,1711485603235,5,"Discovered new varieties of apples I'd never heard of, and each was a treat.",No,2024-03-26
17346359092809067620,Nicholas Bowen,,1711485603236,3,Your exotic fruit selection has introduced me to new flavors and health benefits.,No,2024-03-26
4183555549875586958,David Mason MD,,1711485603236,2,"Received a beautifully arranged basket of mixed fruits, perfect for gifting.",No,2024-03-26
16377211891444885840,Adam Davis,,1711485603236,1,"Cherries were sweet and ripe, without a single bad one in the batch.",No,2024-03-26
1633407309499386280,Christopher Wagner,,1711485603237,3,Your farm's commitment to biodiversity is evident in the variety and quality of produce.,Yes,2024-03-26
1094758436396151434,Todd Hardin,,1711485603237,4,The balance between quality and price in your organic product range is exceptional.,No,2024-03-26
398970463902131424,Erica Moreno,,1711485603238,3,"Loved the quick delivery of fresh, organic milk. It tastes so much better.",No,2024-03-26
3097334713669734883,Christopher White,,1711485603238,1,"Loved the quick delivery of fresh, organic milk. It tastes so much better.",No,2024-03-26
9763613064928214721,Matthew Strickland,,1711485603238,1,Your attention to detail in packaging ensures that every item arrives in perfect condition.,No,2024-03-26
17831222275621451444,David Armstrong,,1711485603239,4,The freshness of the herbs is noticeable. My dishes have never tasted better.,Yes,2024-03-26
14467851028040984338,Thomas Gaines,,1711485603239,1,The variety and quality of your organic vegetable selection are unparalleled.,Yes,2024-03-26
1462643932436487412,Michelle Kane,,1711485603239,2,The quality and flavor of your organic coffee selection start my day off right.,Yes,2024-03-26
7559206652033356710,Susan Molina,,1711485603240,5,I'm always pleased with the variety and freshness of your root vegetables.,No,2024-03-26
13279845169193327915,Cheryl Reilly,,1711485603240,3,Ordered a variety of citrus fruits; each was juicy and packed with flavor.,Yes,2024-03-26
15800705837898514736,Kimberly Mccoy,,1711485603240,3,The juiciness and flavor of your stone fruits make them a summer highlight.,No,2024-03-26
3220970310148910128,Mrs. Haley Mendoza,,1711485603241,2,The option to buy in bulk has made maintaining my healthy lifestyle more affordable.,No,2024-03-26
13823526662255867411,James Armstrong,,1711485603241,3,The quality and flavor of your organic coffee selection start my day off right.,Yes,2024-03-26
4465069744236780181,Natalie Soto,,1711485603241,2,Your commitment to no-waste packaging is commendable and a deciding factor for me.,No,2024-03-26
7783309199411299611,Samuel Porter,,1711485603242,2,The variety in your weekly produce boxes keeps our meals exciting and nutritious.,Yes,2024-03-26
13687821873484526242,Alejandro Salazar,,1711485603242,2,"The vegan chocolate selection is tempting and delicious, with so many options.",No,2024-03-26
13223759722517862278,Robert Hodges,,1711485603242,5,I'm always pleased with the variety and freshness of your root vegetables.,Yes,2024-03-26
2245888141740520867,Karen Smith,,1711485603242,3,The option to buy in bulk has made maintaining my healthy lifestyle more affordable.,No,2024-03-26
6078810523709870960,Daniel Alvarez,,1711485603243,4,"I'm impressed by the sustainability initiatives your farm practices, from soil health to water conservation.",Yes,2024-03-26
13481010435494765300,Dana Mcclure,,1711485603243,2,The option for contactless delivery has made getting fresh food convenient and safe.,No,2024-03-26
2774248675104968816,Toni Gonzalez,,1711485603244,5,"Your online ordering system is seamless, making it easy to get fresh food fast.",No,2024-03-26
7589498140451344865,Joseph Campbell,,1711485603244,3,Finding such a wide range of locally sourced products in one place is incredible.,No,2024-03-26
16398339932535167952,Mary Ramos,,1711485603244,1,The option for contactless delivery has made getting fresh food convenient and safe.,No,2024-03-26
16963320930611001063,Brianna Hughes,,1711485603244,3,Absolutely delighted with the freshness. The kale was superb.,Yes,2024-03-26
4832296242736653976,Louis Young,,1711485603245,5,"The vegan chocolate selection is tempting and delicious, with so many options.",No,2024-03-26
1650265973505213858,Chad Morris,,1711485603245,4,Your selection of farm-fresh eggs makes every breakfast feel gourmet.,Yes,2024-03-26
5324430898031242918,Andrew Smith,,1711485603245,4,"Your selection of fresh, organic juices is refreshing and full of flavor.",Yes,2024-03-26
16491435862622639336,Corey Khan,,1711485603246,3,Discovering your exotic fruit selection has been an adventure for my taste buds.,No,2024-03-26
12438333460487210351,Rebecca Patel,,1711485603246,5,"Ordered fresh oysters for a special dinner; they were a hit, fresh and delicious.",No,2024-03-26
15911085504944819449,Tyler Goodman,,1711485603246,4,Your commitment to organic farming practices is why I shop exclusively with you.,Yes,2024-03-26
7921993691174102749,Andrew Gamble,,1711485603246,4,"Discovered new varieties of apples I'd never heard of, and each was a treat.",Yes,2024-03-26
16416181010233430399,Allen Camacho,,1711485603246,5,"I'm always excited to see what new, seasonal items you'll offer next.",Yes,2024-03-26
16881943562488831441,Gina Rogers,,1711485603247,1,Your exotic fruit selection has introduced me to new flavors and health benefits.,No,2024-03-26
12864582764381852428,Joshua Kaufman,,1711485603247,2,The variety in your weekly produce boxes keeps our meals exciting and nutritious.,Yes,2024-03-26
6349714991989125482,Tammy Harris,,1711485603247,4,Your selection of farm-fresh eggs makes every breakfast feel gourmet.,Yes,2024-03-26
3665547513243461313,Kelli Martinez,,1711485603247,1,Your farm-to-table approach is evident in the superior taste of your produce.,No,2024-03-26
1815246554047196285,Jennifer Dean,,1711485603247,2,The freshness of the gourmet pasta made our Italian dinner night special.,Yes,2024-03-26
9252977091016404028,Tyler Hall,,1711485603248,2,"I had an issue with my order, but it was resolved quickly. Great customer service!",No,2024-03-26
7346656117355306585,Charles Johnson,,1711485603248,5,"Ordered fresh oysters for a special dinner; they were a hit, fresh and delicious.",No,2024-03-26
8867757440199537681,Walter Snyder,,1711485603248,4,The variety of your whole grain selection has transformed my baking.,Yes,2024-03-26
10474907500625769543,Cassie Alvarez,,1711485603248,4,"A wonderful assortment of organic nuts and seeds, great for snacking.",Yes,2024-03-26
3836957669987052865,Suzanne Reynolds,,1711485603248,4,"Loved the quick delivery of fresh, organic milk. It tastes so much better.",Yes,2024-03-26
12674645877512019739,Paul Vincent,,1711485603249,2,Some of the best organic tomatoes I’ve tasted. Will definitely order again!,No,2024-03-26
10251024830918420617,Carolyn Robbins DDS,,1711485603249,5,"The organic chicken was tender and flavorful, a significant difference from store-bought.",Yes,2024-03-26
13761777068599716431,Sarah Gamble,,1711485603249,2,The variety of mushrooms available is impressive. Made for an exquisite risotto.,No,2024-03-26
5220782728616923056,Paul Bell,,1711485603249,1,"The convenience of having fresh, seasonal produce delivered to my door is unbeatable.",No,2024-03-26
7503346119070063145,Carol Bennett,,1711485603250,2,"I'm impressed by the sustainability initiatives your farm practices, from soil health to water conservation.",No,2024-03-26
11788918625263696953,Carlos Suarez,,1711485603250,3,I appreciate the detailed product descriptions that help me make informed choices.,Yes,2024-03-26
5534135386039326592,Bailey Estrada,,1711485603250,5,"I love the convenience and quality of your meal kits, packed with fresh ingredients.",No,2024-03-26
12492734336713874203,Edward Hodges,,1711485603250,2,"I'm always excited to see what new, seasonal items you'll offer next.",Yes,2024-03-26
14304042153349623473,Christopher Singleton,,1711485603250,3,Your seasonal newsletters with recipes and product highlights are a great touch.,No,2024-03-26
8873326355852557714,Samantha Hughes,,1711485603251,1,The quality of the grass-fed beef is outstanding. It's now a staple in our home.,Yes,2024-03-26
6396419931574865536,Robert Rogers,,1711485603251,1,Reminded me of summer days. The peaches were perfectly ripe.,Yes,2024-03-26
14818775776708527130,Angela Turner,,1711485603251,2,The quality and flavor of your organic coffee selection start my day off right.,Yes,2024-03-26
4409380036028962105,Morgan Arellano,,1711485603251,1,"Ordered fresh oysters for a special dinner; they were a hit, fresh and delicious.",No,2024-03-26
12805570959275765483,Felicia Vazquez,,1711485603251,3,"Your selection of fresh, organic juices is refreshing and full of flavor.",Yes,2024-03-26
7605685780519319686,David Cruz,,1711485603251,3,Ordered a variety of citrus fruits; each was juicy and packed with flavor.,Yes,2024-03-26
11135318584312256896,Christina Obrien,,1711485603252,3,Finding such a wide range of locally sourced products in one place is incredible.,Yes,2024-03-26
12245273387212026670,William Garcia,,1711485603252,2,"I'm always excited to see what new, seasonal items you'll offer next.",Yes,2024-03-26
11006798105319961005,Benjamin Davis,,1711485603252,2,Avocados were at the perfect stage of ripeness. Made the best guacamole!,No,2024-03-26
3414136055894694805,Alyssa Molina,,1711485603252,4,Ordered a variety of citrus fruits; each was juicy and packed with flavor.,No,2024-03-26
2201132268655140158,Aaron Thomas,,1711485603252,5,Your commitment to no-waste packaging is commendable and a deciding factor for me.,No,2024-03-26
9850038411069429120,Crystal Cox,,1711485603252,2,I've never been disappointed by the tenderness and taste of your grass-fed meats.,No,2024-03-26
11277454481989126904,Carl Wade,,1711485603253,4,Your quick responses to inquiries and order adjustments are top-notch customer service.,Yes,2024-03-26
8684679723386686873,Misty Johnson,,1711485603253,1,The variety in your weekly produce boxes keeps our meals exciting and nutritious.,Yes,2024-03-26
6613226390062121400,Sabrina Smith,,1711485603253,3,Your farm's commitment to biodiversity is evident in the variety and quality of produce.,No,2024-03-26
5373965154141591578,Charles Rodriguez,,1711485603253,1,"Your dairy products, especially the artisanal cheeses, are absolutely divine.",No,2024-03-26
2866831738947554619,Krista Fischer,,1711485603254,2,I'm consistently impressed by the freshness and quality of your seafood selection.,Yes,2024-03-26
17149761035351994526,Larry Moreno,,1711485603254,4,"I'm impressed by the sustainability initiatives your farm practices, from soil health to water conservation.",No,2024-03-26
17408214025225000680,Michael Smith,,1711485603254,2,The variety and quality of your organic vegetable selection are unparalleled.,Yes,2024-03-26
330676165289512535,Rita Hudson DDS,,1711485603255,5,The freshness and quality of your locally sourced honey are incomparable.,Yes,2024-03-26
13654457645189036647,Gordon Alvarez,,1711485603255,1,The flavor and freshness of your herbs and spices make every dish a masterpiece.,No,2024-03-26
5445237390537492736,Mary Walker,,1711485603255,5,The quality of the grass-fed beef is outstanding. It's now a staple in our home.,Yes,2024-03-26
4524689473914761188,Bonnie White,,1711485603256,3,The flavor and freshness of your herbs and spices make every dish a masterpiece.,Yes,2024-03-26
13781394054708999872,Amy White,,1711485603256,5,Absolutely delighted with the freshness. The kale was superb.,Yes,2024-03-26
9872486998008255918,Jonathan Griffin,,1711485603256,5,The flavor and freshness of your herbs and spices make every dish a masterpiece.,No,2024-03-26
825846940214328964,Suzanne Garcia,,1711485603257,5,Discovering rare and unique vegetables in my order is always a delightful surprise.,Yes,2024-03-26
10327202469531361341,Matthew Gay,,1711485603257,5,The freshness and quality of your locally sourced honey are incomparable.,No,2024-03-26
17577897705435854646,Julie Sherman,,1711485603257,2,The freshness of the gourmet pasta made our Italian dinner night special.,Yes,2024-03-26
12038365572953012575,Katie Rogers,,1711485603257,4,The freshness of the gourmet pasta made our Italian dinner night special.,Yes,2024-03-26
17176063499558739002,Matthew Beck,,1711485603257,1,Finding such a wide range of locally sourced products in one place is incredible.,Yes,2024-03-26
4885484801931728620,Lisa Knight,,1711485603257,1,Your initiative to minimize food waste through creative recipes and tips is inspiring.,Yes,2024-03-26
11643658682287019325,Alexa Jones,,1711485603258,4,The freshness of the herbs is noticeable. My dishes have never tasted better.,No,2024-03-26
7219199528168864380,Albert Waters,,1711485603258,2,Absolutely delighted with the freshness. The kale was superb.,No,2024-03-26
7506622124543741788,Kara Benitez,,1711485603258,1,I'm consistently impressed by the freshness and quality of your seafood selection.,No,2024-03-26
3596388553411072588,Victor Schultz,,1711485603258,3,The efficiency and friendliness of your delivery service make every order a pleasure.,Yes,2024-03-26
2983179164159330382,Megan Montgomery,,1711485603258,1,Avocados were at the perfect stage of ripeness. Made the best guacamole!,No,2024-03-26
4479748866321232885,John Lee,,1711485603258,5,The balance between quality and price in your organic product range is exceptional.,Yes,2024-03-26
13596224779307742717,Dr. Brandon Gutierrez,,1711485603258,3,I'm grateful for the option to subscribe and save on my favorite products.,Yes,2024-03-26
7689717905933855896,Elizabeth Henry,,1711485603259,4,Your biodegradable packaging shows your commitment to the environment and quality.,No,2024-03-26
827922539791969441,Steven Hawkins,,1711485603259,2,I appreciate the wide variety of gluten-free products that cater to my dietary needs.,No,2024-03-26
8519940349646711165,Joseph Davis,,1711485603259,5,"The order was a bit delayed in shipping, but the quality of the products made up for it.",No,2024-03-26
3222745457557516089,Arthur Padilla,,1711485603259,2,"Your selection of fresh, organic juices is refreshing and full of flavor.",No,2024-03-26
10439358747269234172,Anthony Gray,,1711485603259,5,The freshness and quality of your leafy greens have turned my salads into a main course.,No,2024-03-26
6303789177352014316,Corey Jones,,1711485603259,5,"The organic chicken was tender and flavorful, a significant difference from store-bought.",No,2024-03-26
4770621703965050702,Samantha Calderon,,1711485603259,3,Your sustainable packaging not only keeps my order fresh but also aligns with my values.,No,2024-03-26
3268073739869934939,Marilyn Williams,,1711485603260,4,"Loved the quick delivery of fresh, organic milk. It tastes so much better.",Yes,2024-03-26
660311593866722558,Anthony Allison,,1711485603260,2,"Ordered fresh oysters for a special dinner; they were a hit, fresh and delicious.",No,2024-03-26
7461030540501218551,Victoria Rogers,,1711485603260,2,Some of the best organic tomatoes I’ve tasted. Will definitely order again!,Yes,2024-03-26
10326656677726053134,Catherine Santiago,,1711485603260,1,I'm consistently impressed by the freshness and quality of your seafood selection.,Yes,2024-03-26
10487567390255660075,Amber Booth,,1711485603260,4,Avocados were at the perfect stage of ripeness. Made the best guacamole!,Yes,2024-03-26
18150224794977673411,Nicolas Cobb,,1711485603260,4,I appreciate the detailed product descriptions that help me make informed choices.,Yes,2024-03-26
6173363339415287055,Adriana Smith,,1711485603260,4,I'm always pleased with the variety and freshness of your root vegetables.,Yes,2024-03-26
16680044663758725795,Christy Shepherd,,1711485603261,2,Avocados were at the perfect stage of ripeness. Made the best guacamole!,No,2024-03-26
18188417225536386581,Henry Contreras,,1711485603261,3,"Blueberries were bursting with flavor, ideal for my morning smoothies.",Yes,2024-03-26
11002364215839132396,Julie Fields,,1711485603261,5,The variety of mushrooms available is impressive. Made for an exquisite risotto.,Yes,2024-03-26
8263589173794645777,Candace Fuller,,1711485603261,2,"Loved the quick delivery of fresh, organic milk. It tastes so much better.",No,2024-03-26
1122426067095360988,Connie Merritt,,1711485603261,1,Discovering your exotic fruit selection has been an adventure for my taste buds.,Yes,2024-03-26
9193253864026359132,Sara Flores,,1711485603261,1,The packaging of leafy greens kept them fresh for days longer than expected.,No,2024-03-26
6253297499858089439,Joshua Bradshaw,,1711485603261,5,"I'm impressed by the sustainability initiatives your farm practices, from soil health to water conservation.",Yes,2024-03-26
2094437601626825154,Jeffrey Tucker,,1711485603262,2,I'm consistently impressed by the freshness and quality of your seafood selection.,No,2024-03-26
8091384013857415844,Melinda Doyle,,1711485603262,1,The quality of the grass-fed beef is outstanding. It's now a staple in our home.,Yes,2024-03-26
14888878856259873294,Mr. Cory Chapman DDS,,1711485603262,2,"A wonderful assortment of organic nuts and seeds, great for snacking.",Yes,2024-03-26
3189839626054295175,Jessica Johnson,,1711485603262,3,"Your dairy products, especially the artisanal cheeses, are absolutely divine.",Yes,2024-03-26
18332297567464773459,Jared Stephens,,1711485603262,5,Your sustainable packaging not only keeps my order fresh but also aligns with my values.,Yes,2024-03-26
7629075191610322355,Dr. Casey Baker,,1711485603262,1,I appreciate the detailed product descriptions that help me make informed choices.,No,2024-03-26
17352018211001549991,Sara Hoffman,,1711485603262,4,Your seasonal fruit baskets are my go-to gift for friends and family.,No,2024-03-26
9504546538911004403,Eileen Hill,,1711485603262,5,Your quick responses to inquiries and order adjustments are top-notch customer service.,No,2024-03-26
9855632506121103158,Casey Cantrell,,1711485603263,2,Finding such a wide range of locally sourced products in one place is incredible.,Yes,2024-03-26
14089552613768631415,Anna Lowe,,1711485603263,5,"The strawberries were fresh and juicy, delivered right on time!",No,2024-03-26
5349334791614492323,Michele Johnson,,1711485603263,4,The option for contactless delivery has made getting fresh food convenient and safe.,No,2024-03-26
16120805585088613465,Alicia Anderson,,1711485603263,5,The variety of mushrooms available is impressive. Made for an exquisite risotto.,No,2024-03-26
13034773558975167217,Mark Haney,,1711485603263,3,"Finding such a wide assortment of fresh, organic spices has elevated my cooking.",No,2024-03-26
11179872363199986190,Frank Ruiz,,1711485603263,3,Some of the best organic tomatoes I’ve tasted. Will definitely order again!,No,2024-03-26
11519076074491365604,Robert Allison,,1711485603264,2,"Your selection of fresh, organic juices is refreshing and full of flavor.",Yes,2024-03-26
10969843405294282334,Tracy Ellis,,1711485603264,5,The variety of mushrooms available is impressive. Made for an exquisite risotto.,No,2024-03-26
14805873544234406771,Nancy Byrd,,1711485603264,4,The juiciness and flavor of your stone fruits make them a summer highlight.,Yes,2024-03-26
7369203249060776586,Dana Ho,,1711485603264,5,Your selection of heirloom vegetables has brought new flavors and stories to our dinner table.,No,2024-03-26
13205183531982936334,Melanie Young,,1711485603264,4,Offers incredible variety. The heirloom carrots were a hit at dinner.,Yes,2024-03-26
14393425797286341423,Laura Taylor,,1711485603264,5,"I'm always excited to see what new, seasonal items you'll offer next.",Yes,2024-03-26
469029225424888489,John Butler Jr.,,1711485603264,3,The freshness of the gourmet pasta made our Italian dinner night special.,Yes,2024-03-26
10451592593788010468,Vincent Perez,,1711485603264,1,The freshness and quality of your locally sourced honey are incomparable.,No,2024-03-26
1341964340668220050,Andrew Morales,,1711485603265,5,I'm consistently impressed by the freshness and quality of your seafood selection.,No,2024-03-26
15766796729675018548,Megan Davidson,,1711485603265,4,I appreciate the detailed product descriptions that help me make informed choices.,Yes,2024-03-26
14338419008594669772,Ashley Neal,,1711485603265,5,Avocados were at the perfect stage of ripeness. Made the best guacamole!,Yes,2024-03-26
4134182895152110851,Hunter Stanley,,1711485603265,5,"Your fresh, organic nut butters are a staple in my pantry now.",Yes,2024-03-26
12969510226802096715,Joseph Stewart,,1711485603265,5,"Ordered fresh oysters for a special dinner; they were a hit, fresh and delicious.",Yes,2024-03-26
3788367360855210868,Chad Haynes,,1711485603265,1,The seasonal squash variety was a delightful addition to our autumn meals.,No,2024-03-26
17465442485565900097,Joseph Harrison,,1711485603265,3,The variety of your whole grain selection has transformed my baking.,Yes,2024-03-26
7363096816958224034,Jermaine Sanchez,,1711485603265,2,Ordered a variety of citrus fruits; each was juicy and packed with flavor.,Yes,2024-03-26
9522375308399510132,Jeffrey Washington,,1711485603266,4,I'm consistently impressed by the freshness and quality of your seafood selection.,Yes,2024-03-26
18168013000649726392,Cynthia Hawkins,,1711485603266,4,Absolutely delighted with the freshness. The kale was superb.,No,2024-03-26
2666288870701085037,Kimberly Griffin,,1711485603266,5,"Blueberries were bursting with flavor, ideal for my morning smoothies.",Yes,2024-03-26
1610506372174716,Melissa Osborn,,1711485603266,2,The efficiency and friendliness of your delivery service make every order a pleasure.,Yes,2024-03-26
467886363159595597,Trevor Wagner,,1711485603266,2,The fresh fish selection is unparalleled; it's like having a fish market at your fingertips.,No,2024-03-26
3817842621369756125,Albert Ware,,1711485603266,1,"Finding such a wide assortment of fresh, organic spices has elevated my cooking.",Yes,2024-03-26
398773348641251069,Alexis Ford,,1711485603266,4,The freshness of the herbs is noticeable. My dishes have never tasted better.,Yes,2024-03-26
16898076391129070962,Andrea Wall,,1711485603266,5,"The convenience of having fresh, seasonal produce delivered to my door is unbeatable.",No,2024-03-26
8056990408541472841,Austin Mccullough,,1711485603266,4,The option to buy in bulk has made maintaining my healthy lifestyle more affordable.,Yes,2024-03-26
317992497254199601,Crystal Price,,1711485603267,5,The variety of mushrooms available is impressive. Made for an exquisite risotto.,No,2024-03-26
12263107995048455628,James Gould,,1711485603267,1,Your gluten-free bakery selection is a game-changer for those of us with dietary restrictions.,No,2024-03-26
14014452844523287411,Robert Fisher,,1711485603267,3,The efficiency and friendliness of your delivery service make every order a pleasure.,Yes,2024-03-26
7170144477093256335,Robert Chaney,,1711485603268,2,"I love the convenience and quality of your meal kits, packed with fresh ingredients.",No,2024-03-26
6806494604966116335,Emily Liu,,1711485603268,2,The efficiency and friendliness of your delivery service make every order a pleasure.,No,2024-03-26
14907595838144218411,Ashley Hill,,1711485603268,1,Your initiative to minimize food waste through creative recipes and tips is inspiring.,Yes,2024-03-26
4386177360010399797,Kathleen Moore,,1711485603268,3,"Your selection of fresh, organic juices is refreshing and full of flavor.",Yes,2024-03-26
9363169852494454001,Kimberly Ritter,,1711485603268,2,I'm always pleased with the variety and freshness of your root vegetables.,Yes,2024-03-26
11667547147486733937,Erin Brooks,,1711485603268,1,Received a lovely note with my berry order. It’s those personal touches that make a difference.,Yes,2024-03-26
786148879763278501,Vincent Dean,,1711485603268,4,"Your online ordering system is seamless, making it easy to get fresh food fast.",No,2024-03-26
12242415195073654501,Kristie Harrison,,1711485603268,4,"Finding such a wide assortment of fresh, organic spices has elevated my cooking.",Yes,2024-03-26
43944166380028422,Heather Lopez,,1711485603269,3,The flavor and freshness of your herbs and spices make every dish a masterpiece.,Yes,2024-03-26
2232622062630131383,Maria Sanchez,,1711485603269,1,Your sustainable packaging not only keeps my order fresh but also aligns with my values.,Yes,2024-03-26
17275481467511189616,David Richardson,,1711485603269,1,The juiciness and flavor of your stone fruits make them a summer highlight.,No,2024-03-26
8283732545734981938,Linda Fernandez,,1711485603269,3,Your commitment to organic farming practices is why I shop exclusively with you.,No,2024-03-26
16330335225610876104,Danielle Johnson,,1711485603269,1,Your commitment to no-waste packaging is commendable and a deciding factor for me.,No,2024-03-26
2445607315650881448,Angela Marshall,,1711485603269,2,The fresh fish selection is unparalleled; it's like having a fish market at your fingertips.,No,2024-03-26
14929572927906269292,Jennifer Zhang,,1711485603269,4,Your curated selection of local wines pairs perfectly with your gourmet offerings.,No,2024-03-26
10163440668307710547,Kevin Garrett,,1711485603269,4,The variety of your whole grain selection has transformed my baking.,No,2024-03-26
1988941232611460485,Jennifer Hogan,,1711485603269,2,The spice selection added so much life to my cooking. Fresh and aromatic!,Yes,2024-03-26
16167589098620172128,Lisa Glass,,1711485603270,5,Some of the best organic tomatoes I’ve tasted. Will definitely order again!,No,2024-03-26
16890229480545072577,Nicholas Palmer,,1711485603270,4,Ordered a variety of citrus fruits; each was juicy and packed with flavor.,Yes,2024-03-26
16634609510424908493,Jon Delacruz,,1711485603270,5,The packaging of leafy greens kept them fresh for days longer than expected.,No,2024-03-26
10418521031825456818,Robert Barnes,,1711485603270,4,The flavor and freshness of your herbs and spices make every dish a masterpiece.,No,2024-03-26
8831789019664522352,Mary Olson,,1711485603270,4,The variety of mushrooms available is impressive. Made for an exquisite risotto.,No,2024-03-26
3227582441529944729,Susan Marshall,,1711485603270,5,Your commitment to no-waste packaging is commendable and a deciding factor for me.,No,2024-03-26
9050012432996905560,Don Marshall,,1711485603270,2,"The strawberries were fresh and juicy, delivered right on time!",No,2024-03-26
6961436830028051413,Dr. Erin Buckley,,1711485603270,5,The freshness and quality of your leafy greens have turned my salads into a main course.,Yes,2024-03-26
9123028596490117197,Brooke Davis,,1711485603271,3,The fresh fish selection is unparalleled; it's like having a fish market at your fingertips.,Yes,2024-03-26
8299193886247721069,Jennifer Smith,,1711485603271,4,"The assortment of fresh bread is a carb lover's dream, so soft and tasty.",No,2024-03-26
18342227990140954409,Wayne Hernandez,,1711485603271,2,Your gluten-free bakery selection is a game-changer for those of us with dietary restrictions.,No,2024-03-26
544939538084741414,Zachary Morgan,,1711485603271,3,Reminded me of summer days. The peaches were perfectly ripe.,No,2024-03-26
7854336074880797644,Victoria Washington,,1711485603271,3,The juiciness and flavor of your stone fruits make them a summer highlight.,Yes,2024-03-26
7413445088390271832,Joseph Sharp,,1711485603271,1,"Finding such a wide assortment of fresh, organic spices has elevated my cooking.",No,2024-03-26
16923628009876068165,Patrick Anderson,,1711485603271,2,"The strawberries were fresh and juicy, delivered right on time!",No,2024-03-26
1793934438520026886,Stephanie Smith,,1711485603271,2,The spice selection added so much life to my cooking. Fresh and aromatic!,Yes,2024-03-26
11013667599393911387,Jodi Adams,,1711485603272,5,The variety of your whole grain selection has transformed my baking.,No,2024-03-26
2635240976241070289,Kelly Vaughn,,1711485603272,4,The quality and flavor of your organic coffee selection start my day off right.,No,2024-03-26
17500267809811076859,Joan Gonzales,,1711485603272,2,The freshness of your salad mixes surpasses anything I can find in stores.,Yes,2024-03-26
1385218832764593034,Judith Murphy,,1711485603272,5,The balance between quality and price in your organic product range is exceptional.,No,2024-03-26
14393172930116098277,Tammy Barton,,1711485603272,5,"I'm always excited to see what new, seasonal items you'll offer next.",No,2024-03-26
4308481153806884542,Samuel Walker,,1711485603272,1,The freshness of the herbs is noticeable. My dishes have never tasted better.,No,2024-03-26
9072438896842963397,Nicole Cantu,,1711485603272,2,The seasonal squash variety was a delightful addition to our autumn meals.,Yes,2024-03-26
5684162754694473901,Christopher Johnson,,1711485603272,3,Discovering your exotic fruit selection has been an adventure for my taste buds.,Yes,2024-03-26
12460337514240269853,Mary Hughes,,1711485603272,4,I admire your dedication to supporting local farmers and sustainable agriculture.,Yes,2024-03-26
7144833656713720665,Nicole Gross,,1711485603273,4,"Excellent packaging, ensuring all the delicate greens arrived in perfect condition.",No,2024-03-26
3412163898800551066,Erica Wallace,,1711485603273,4,"Your online ordering system is seamless, making it easy to get fresh food fast.",Yes,2024-03-26
7087663757583348162,Christopher Newman,,1711485603274,3,The freshness of your salad mixes surpasses anything I can find in stores.,No,2024-03-26
14239911532212748455,Olivia Brown,,1711485603274,1,Your selection of farm-fresh eggs makes every breakfast feel gourmet.,No,2024-03-26
3155109465531924882,Melanie Brown,,1711485603274,5,The spice selection added so much life to my cooking. Fresh and aromatic!,Yes,2024-03-26
7542564131753785971,Ronald Garner,,1711485603274,2,Your initiative to minimize food waste through creative recipes and tips is inspiring.,No,2024-03-26
16091180012340594868,Ashley Alvarez,,1711485603275,2,I appreciate the wide variety of gluten-free products that cater to my dietary needs.,Yes,2024-03-26
15368815531539621272,Mallory Campbell,,1711485603275,3,The option to buy in bulk has made maintaining my healthy lifestyle more affordable.,Yes,2024-03-26
18060572583726699980,Laura Miller,,1711485603275,3,Your commitment to no-waste packaging is commendable and a deciding factor for me.,Yes,2024-03-26
11097308807092345227,Jonathan White,,1711485603275,2,"The vegan chocolate selection is tempting and delicious, with so many options.",No,2024-03-26
10151432007320650635,Harry Leblanc,,1711485603276,3,Offers incredible variety. The heirloom carrots were a hit at dinner.,Yes,2024-03-26
16638701278100881610,Gregory Munoz,,1711485603276,4,Your exotic fruit selection has introduced me to new flavors and health benefits.,No,2024-03-26
8635497746728581575,Cameron Norton,,1711485603276,5,"The strawberries were fresh and juicy, delivered right on time!",No,2024-03-26
10739744834575124686,Daniel Roach,,1711485603276,5,"Ordered fresh oysters for a special dinner; they were a hit, fresh and delicious.",Yes,2024-03-26
14697685907986509631,Daniel Owens,,1711485603276,2,Your exotic fruit selection has introduced me to new flavors and health benefits.,Yes,2024-03-26
2658876645741880496,Benjamin Love,,1711485603276,5,The variety of mushrooms available is impressive. Made for an exquisite risotto.,Yes,2024-03-26
3439273210758383031,Joshua Perez,,1711485603276,3,Your farm's commitment to biodiversity is evident in the variety and quality of produce.,No,2024-03-26
4825713844136531909,Karen Martinez,,1711485603276,4,"The order was a bit delayed in shipping, but the quality of the products made up for it.",No,2024-03-26
2903468050610337556,Nicole Davis DDS,,1711485603277,1,The exotic fruits were a hit in my tropical fruit salad. The passion fruit was exceptional.,Yes,2024-03-26
3074573118506151648,Tony Coleman,,1711485603277,3,The freshness and quality of your leafy greens have turned my salads into a main course.,Yes,2024-03-26
17911956196632489459,William White,,1711485603277,5,"I had an issue with my order, but it was resolved quickly. Great customer service!",No,2024-03-26
17036987051228983711,Jasmin Fletcher,,1711485603277,3,"Loved the quick delivery of fresh, organic milk. It tastes so much better.",Yes,2024-03-26
1072682674186387247,Shelby White,,1711485603277,4,The quality and flavor of your organic coffee selection start my day off right.,No,2024-03-26
8053677129180627830,Randy Miller,,1711485603277,5,The freshness and quality of your locally sourced honey are incomparable.,No,2024-03-26
14263738457018322505,Nicholas Schmidt,,1711485603277,3,The balance between quality and price in your organic product range is exceptional.,Yes,2024-03-26
18144178884466841500,Kathryn Curtis DDS,,1711485603277,1,"Your selection of fresh, organic juices is refreshing and full of flavor.",No,2024-03-26
5280297196895532292,Margaret Lopez,,1711485603278,1,"Ordered fresh oysters for a special dinner; they were a hit, fresh and delicious.",Yes,2024-03-26
15053800669340701127,Savannah Ross,,1711485603278,2,"I had an issue with my order, but it was resolved quickly. Great customer service!",Yes,2024-03-26
12710295391445433474,Rebecca King,,1711485603278,4,The ripeness and taste of your tropical fruit selection bring the flavors of summer to my kitchen.,No,2024-03-26
14794749157910042788,Crystal Newton,,1711485603278,4,Absolutely delighted with the freshness. The kale was superb.,No,2024-03-26
1807438859035740990,Paul Boyle,,1711485603278,2,"A wonderful assortment of organic nuts and seeds, great for snacking.",Yes,2024-03-26
2429783741240236488,Mrs. Kristen Rivera,,1711485603278,2,The ripeness and taste of your tropical fruit selection bring the flavors of summer to my kitchen.,No,2024-03-26
4458642041912915589,Ashley Best,,1711485603279,1,Your initiative to minimize food waste through creative recipes and tips is inspiring.,Yes,2024-03-26
7312431163866662062,Elizabeth Page,,1711485603279,3,"Finding such a wide assortment of fresh, organic spices has elevated my cooking.",No,2024-03-26
17173595537771394417,Bryan Hodges,,1711485603279,3,Offers incredible variety. The heirloom carrots were a hit at dinner.,No,2024-03-26
4940864436447603291,Jennifer Roberts,,1711485603279,4,Discovering your exotic fruit selection has been an adventure for my taste buds.,Yes,2024-03-26
7179821896043033414,Isaiah Clark,,1711485603280,5,The spice selection added so much life to my cooking. Fresh and aromatic!,No,2024-03-26
10137491395804514776,Andrew Ritter,,1711485603280,4,"The assortment of fresh bread is a carb lover's dream, so soft and tasty.",No,2024-03-26
4209537124818433615,Jason Shepard,,1711485603280,1,I'm grateful for the option to subscribe and save on my favorite products.,No,2024-03-26
12722931094893005607,Jeff Green,,1711485603280,3,The nutritional value and taste of your superfood selections are unmatched.,Yes,2024-03-26
12406734593910672585,Elizabeth King,,1711485603280,5,Some of the best organic tomatoes I’ve tasted. Will definitely order again!,Yes,2024-03-26
4286180362396472607,Brandon Perkins,,1711485603280,1,I appreciate the wide variety of gluten-free products that cater to my dietary needs.,Yes,2024-03-26
13435252403217787932,Luis Sanchez,,1711485603280,3,"I'm impressed by the sustainability initiatives your farm practices, from soil health to water conservation.",No,2024-03-26
4825075316190758231,Angelica Alvarado,,1711485603280,5,"Your dairy products, especially the artisanal cheeses, are absolutely divine.",No,2024-03-26
16286495942087863050,Robert Thomas,,1711485603281,3,"The organic chicken was tender and flavorful, a significant difference from store-bought.",No,2024-03-26
12628787312927975944,Tammy Castillo,,1711485603281,1,The flavor and freshness of your herbs and spices make every dish a masterpiece.,No,2024-03-26
6108461334925264750,Mary Cochran,,1711485603281,3,Avocados were at the perfect stage of ripeness. Made the best guacamole!,No,2024-03-26
9808856873194852727,Emily Lyons,,1711485603281,1,The balance between quality and price in your organic product range is exceptional.,No,2024-03-26
17585432112582499708,Julia Jenkins,,1711485603281,4,Your selection of heirloom vegetables has brought new flavors and stories to our dinner table.,Yes,2024-03-26
9922199089552277426,Katrina Oconnor,,1711485603281,2,"The order was a bit delayed in shipping, but the quality of the products made up for it.",Yes,2024-03-26
2497716261221039286,Ashley Combs,,1711485603281,5,The variety of mushrooms available is impressive. Made for an exquisite risotto.,No,2024-03-26
2292489150790278036,Donald Clark,,1711485603281,4,Your commitment to organic farming practices is why I shop exclusively with you.,Yes,2024-03-26
15241490268877792368,Tina Roberts,,1711485603281,1,Offers incredible variety. The heirloom carrots were a hit at dinner.,Yes,2024-03-26
18128765938569642155,Kristopher Crane,,1711485603282,5,The tenderness and flavor of your farm-raised poultry are worth every penny.,No,2024-03-26
10124222760947802044,Steven Stark,,1711485603282,2,The freshness of your salad mixes surpasses anything I can find in stores.,Yes,2024-03-26
3941793963367518810,Gregory Gonzalez,,1711485603282,3,The nutritional value and taste of your superfood selections are unmatched.,Yes,2024-03-26
3841014267754939195,Christopher Griffith,,1711485603282,3,The quality of the grass-fed beef is outstanding. It's now a staple in our home.,No,2024-03-26
7622878365510235809,Cynthia Hickman,,1711485603282,5,"The assortment of fresh bread is a carb lover's dream, so soft and tasty.",No,2024-03-26
11574040207534255151,Amber Mills,,1711485603282,3,The freshness of your salad mixes surpasses anything I can find in stores.,Yes,2024-03-26
11363748544867940873,Matthew Johnson,,1711485603282,5,The variety of your whole grain selection has transformed my baking.,No,2024-03-26
8938947718148754070,Katrina Lindsey,,1711485603282,5,"Blueberries were bursting with flavor, ideal for my morning smoothies.",No,2024-03-26
16590316755139974092,Emily Davis,,1711485603282,3,The variety in your weekly produce boxes keeps our meals exciting and nutritious.,No,2024-03-26
17987902336414914193,Daniel Hawkins,,1711485603283,1,Your biodegradable packaging shows your commitment to the environment and quality.,No,2024-03-26
14177688003776034236,Cassidy Adkins,,1711485603283,4,The freshness of the gourmet pasta made our Italian dinner night special.,Yes,2024-03-26
7682170044661545156,Jennifer Harmon,,1711485603283,3,The quality of the grass-fed beef is outstanding. It's now a staple in our home.,Yes,2024-03-26
9765377408721356430,Sara Huff,,1711485603283,3,The juiciness and flavor of your stone fruits make them a summer highlight.,Yes,2024-03-26
280974501383075626,David White,,1711485603284,1,"Cherries were sweet and ripe, without a single bad one in the batch.",No,2024-03-26
14028745631842739366,Margaret Jackson,,1711485603284,2,The clarity and accuracy of your product labeling make shopping with allergies easy.,No,2024-03-26
14340347077055235417,Cynthia Mcintosh,,1711485603284,2,Your selection of heirloom vegetables has brought new flavors and stories to our dinner table.,No,2024-03-26
9313946982499028023,Mary Fields,,1711485603284,2,Your curated selection of local wines pairs perfectly with your gourmet offerings.,No,2024-03-26
7540097526832487883,Richard Moore,,1711485603284,1,Your seasonal fruit baskets are my go-to gift for friends and family.,Yes,2024-03-26
11009849523620799462,Alison Cortez,,1711485603284,5,The quality and flavor of your organic coffee selection start my day off right.,No,2024-03-26
7523854566546570817,Tyler Lucero,,1711485603284,3,Reminded me of summer days. The peaches were perfectly ripe.,No,2024-03-26
8925154050920259333,Christopher Campbell MD,,1711485603285,5,The fresh fish selection is unparalleled; it's like having a fish market at your fingertips.,Yes,2024-03-26
15190044070085231587,Gregory Edwards,,1711485603285,1,"Discovered new varieties of apples I'd never heard of, and each was a treat.",Yes,2024-03-26
576304831674791985,Stacy Silva,,1711485603285,2,"Your selection of fresh, organic juices is refreshing and full of flavor.",No,2024-03-26
1889142071228970319,Kristen Jackson,,1711485603285,2,The freshness and quality of your locally sourced honey are incomparable.,Yes,2024-03-26
4969170198791316694,Charles Rogers,,1711485603285,1,The ripeness and flavor of your avocados are unmatched. Perfect every time!,No,2024-03-26
14031102867432221615,Casey Boyer,,1711485603285,1,The freshness of your salad mixes surpasses anything I can find in stores.,Yes,2024-03-26
8435715844476392435,Mary Stevens,,1711485603285,2,The variety and quality of your organic vegetable selection are unparalleled.,No,2024-03-26
6948774235848644775,Carmen Burke,,1711485603285,2,Your initiative to minimize food waste through creative recipes and tips is inspiring.,No,2024-03-26
8615342079450111147,Jessica Diaz,,1711485603285,2,Your initiative to minimize food waste through creative recipes and tips is inspiring.,Yes,2024-03-26
17246482541845570067,Christopher Kelly,,1711485603286,3,"Finding such a wide assortment of fresh, organic spices has elevated my cooking.",Yes,2024-03-26
12076255331427620772,Laura Wong,,1711485603286,2,"Your online ordering system is seamless, making it easy to get fresh food fast.",Yes,2024-03-26
10880070122556284234,James Sparks,,1711485603286,2,The spice selection added so much life to my cooking. Fresh and aromatic!,No,2024-03-26
997260905576696931,Julie Kaiser,,1711485603286,4,Discovering your exotic fruit selection has been an adventure for my taste buds.,No,2024-03-26
3886128245249245916,Andrew Webb,,1711485603286,1,Discovering rare and unique vegetables in my order is always a delightful surprise.,Yes,2024-03-26
17703889522886496705,Eric Kelly,,1711485603286,4,Received a lovely note with my berry order. It’s those personal touches that make a difference.,Yes,2024-03-26
13263317779899123649,Brett Russo,,1711485603286,2,The quality of the grass-fed beef is outstanding. It's now a staple in our home.,No,2024-03-26
893297300880989097,Cynthia Adams,,1711485603286,4,Your selection of heirloom vegetables has brought new flavors and stories to our dinner table.,Yes,2024-03-26
1758837405169055534,Tiffany Whitaker,,1711485603287,3,The nutritional value and taste of your superfood selections are unmatched.,Yes,2024-03-26
13370516888746632281,Sarah Smith,,1711485603287,5,Your selection of farm-fresh eggs makes every breakfast feel gourmet.,Yes,2024-03-26
12675669077678074442,Mary Mcdowell,,1711485603287,4,Discovering your exotic fruit selection has been an adventure for my taste buds.,Yes,2024-03-26
3406297909575452100,Christina Patterson,,1711485603287,1,Your gluten-free bakery selection is a game-changer for those of us with dietary restrictions.,No,2024-03-26
15697206609390067446,David Johnson,,1711485603287,5,"Excellent packaging, ensuring all the delicate greens arrived in perfect condition.",No,2024-03-26
7360944982744098913,Gabriel Martinez,,1711485603287,2,"Finding such a wide assortment of fresh, organic spices has elevated my cooking.",Yes,2024-03-26
5039991819659878567,Hannah Zimmerman,,1711485603287,1,I'm grateful for the option to subscribe and save on my favorite products.,No,2024-03-26
7638742152965769836,Tami Anderson,,1711485603288,4,The variety of your whole grain selection has transformed my baking.,Yes,2024-03-26
9318295381789301851,Holly Howell,,1711485603288,5,"The vegan chocolate selection is tempting and delicious, with so many options.",No,2024-03-26
8113363753561558777,Patrick Baxter,,1711485603288,4,I'm consistently impressed by the freshness and quality of your seafood selection.,Yes,2024-03-26
11052850020578537011,Heather Guerrero,,1711485603288,4,Received a lovely note with my berry order. It’s those personal touches that make a difference.,Yes,2024-03-26
10729042320677901966,Linda Mason,,1711485603288,2,"The order was a bit delayed in shipping, but the quality of the products made up for it.",No,2024-03-26
3128745881390170297,Jeffery Mann,,1711485603288,5,I appreciate the wide variety of gluten-free products that cater to my dietary needs.,Yes,2024-03-26
6873590685658822313,Keith Chang,,1711485603288,4,Your quick responses to inquiries and order adjustments are top-notch customer service.,Yes,2024-03-26
294343351189096097,Thomas Norman,,1711485603288,5,I'm grateful for the option to subscribe and save on my favorite products.,No,2024-03-26
16807996480584540946,Julie Ray,,1711485603288,3,I admire your dedication to supporting local farmers and sustainable agriculture.,Yes,2024-03-26
14430913671998623525,Eric Hamilton,,1711485603289,3,"Blueberries were bursting with flavor, ideal for my morning smoothies.",No,2024-03-26
14391604383583079566,Megan Bowers,,1711485603289,4,Discovering your exotic fruit selection has been an adventure for my taste buds.,Yes,2024-03-26
5616863402668187255,Claire Morris,,1711485603289,2,The freshness of the herbs is noticeable. My dishes have never tasted better.,No,2024-03-26
5264706993941329219,Nathaniel Smith,,1711485603289,3,Your biodegradable packaging shows your commitment to the environment and quality.,No,2024-03-26
13984086323836914572,Carolyn Parker,,1711485603289,5,I appreciate the detailed product descriptions that help me make informed choices.,Yes,2024-03-26
9058774320440479489,Whitney Edwards,,1711485603289,1,Offers incredible variety. The heirloom carrots were a hit at dinner.,Yes,2024-03-26
17380274078606363178,Ronald Solomon,,1711485603290,3,"Your fresh, organic nut butters are a staple in my pantry now.",Yes,2024-03-26
8145533198207166726,Stephanie Carr,,1711485603290,3,The balance between quality and price in your organic product range is exceptional.,Yes,2024-03-26
1683295305330689859,Michael Forbes,,1711485603290,2,"The assortment of fresh bread is a carb lover's dream, so soft and tasty.",Yes,2024-03-26
14963267327698792193,Michael Hanna,,1711485603290,3,The variety in your weekly produce boxes keeps our meals exciting and nutritious.,Yes,2024-03-26
12680913584556037783,Dr. Angela Edwards,,1711485603290,1,The nutritional value and taste of your superfood selections are unmatched.,Yes,2024-03-26
7178227059578186032,Anna Farley,,1711485603290,5,Your commitment to organic farming practices is why I shop exclusively with you.,No,2024-03-26
10514562304673574801,Rita Baird,,1711485603291,1,I'm consistently impressed by the freshness and quality of your seafood selection.,No,2024-03-26
15569753143552424707,Julie Smith,,1711485603291,4,Received a lovely note with my berry order. It’s those personal touches that make a difference.,No,2024-03-26
1616364653461171882,Timothy Rodriguez,,1711485603291,2,"I'm always excited to see what new, seasonal items you'll offer next.",No,2024-03-26
1567502984803611630,William Greer,,1711485603291,1,"I had an issue with my order, but it was resolved quickly. Great customer service!",No,2024-03-26
3601749577982052582,Rebecca Wyatt,,1711485603291,3,The efficiency and friendliness of your delivery service make every order a pleasure.,Yes,2024-03-26
5805707962718604455,Daniel Boyd,,1711485603291,5,Your commitment to organic farming practices is why I shop exclusively with you.,Yes,2024-03-26
14242308598539028289,Calvin Webb,,1711485603291,3,"Your prepared meals are a lifesaver on busy nights, without sacrificing quality.",No,2024-03-26
609819035999464377,David Thompson,,1711485603291,4,The packaging of leafy greens kept them fresh for days longer than expected.,No,2024-03-26
8553626893672652395,Jessica Cox,,1711485603292,1,Your initiative to minimize food waste through creative recipes and tips is inspiring.,No,2024-03-26
16851984058639433301,Jennifer Cruz,,1711485603292,3,Your selection of heirloom vegetables has brought new flavors and stories to our dinner table.,No,2024-03-26
8504871138105695550,Cynthia Curtis,,1711485603292,2,"The vegan chocolate selection is tempting and delicious, with so many options.",No,2024-03-26
5451139040178871558,Elizabeth Hodges,,1711485603292,1,The consistently high quality of your meats makes them the centerpiece of any meal.,Yes,2024-03-26
12627862710329609048,Kimberly Wiley,,1711485603292,5,The quality of the grass-fed beef is outstanding. It's now a staple in our home.,No,2024-03-26
7950556774244963332,Sara Willis,,1711485603292,1,I'm consistently impressed by the freshness and quality of your seafood selection.,Yes,2024-03-26
16310992643521167396,David Peck,,1711485603292,1,The balance between quality and price in your organic product range is exceptional.,No,2024-03-26
14490939302637247604,James Wheeler,,1711485603292,4,I'm grateful for the option to subscribe and save on my favorite products.,Yes,2024-03-26
1364423719989020339,James Sellers,,1711485603292,4,"Your fresh, organic nut butters are a staple in my pantry now.",No,2024-03-26
6572432878130512414,Amanda Hill,,1711485603293,4,I'm consistently impressed by the freshness and quality of your seafood selection.,Yes,2024-03-26
16273733343334357186,Stephanie Williams,,1711485603293,1,Your gluten-free bakery selection is a game-changer for those of us with dietary restrictions.,No,2024-03-26
7425194833877541163,Robert Jones,,1711485603293,5,"I had an issue with my order, but it was resolved quickly. Great customer service!",No,2024-03-26
1626666368858933479,Catherine Brooks,,1711485603293,5,The tenderness and flavor of your farm-raised poultry are worth every penny.,Yes,2024-03-26
5915386079229543868,Nancy Townsend,,1711485603294,3,"I had an issue with my order, but it was resolved quickly. Great customer service!",No,2024-03-26
4100104286582179562,Robert Trujillo,,1711485603294,3,The clarity and accuracy of your product labeling make shopping with allergies easy.,No,2024-03-26
3554853555801219618,Nancy Burch,,1711485603294,1,The seasonal squash variety was a delightful addition to our autumn meals.,Yes,2024-03-26
4592317440106577852,Laura Huber,,1711485603294,5,I'm always pleased with the variety and freshness of your root vegetables.,Yes,2024-03-26
8113519600297013729,Leslie Rasmussen,,1711485603294,5,Received a lovely note with my berry order. It’s those personal touches that make a difference.,Yes,2024-03-26
8030487288702370272,Victoria Davis,,1711485603294,1,Ordered a variety of citrus fruits; each was juicy and packed with flavor.,Yes,2024-03-26
12782537850880482925,Ana Kent,,1711485603294,4,The seasonal squash variety was a delightful addition to our autumn meals.,No,2024-03-26
5617728636213890477,Mackenzie Bishop,,1711485603295,3,"The convenience of having fresh, seasonal produce delivered to my door is unbeatable.",No,2024-03-26
18003387297787866425,Patricia Villanueva,,1711485603295,4,"Your fresh, organic nut butters are a staple in my pantry now.",No,2024-03-26
8829290022720543928,Taylor Moran,,1711485603295,1,I appreciate the detailed product descriptions that help me make informed choices.,Yes,2024-03-26
11868890174353698969,Cynthia Bauer,,1711485603295,4,I appreciate the detailed product descriptions that help me make informed choices.,Yes,2024-03-26
10027625936849654300,Leah Gray,,1711485603295,3,I'm consistently impressed by the freshness and quality of your seafood selection.,No,2024-03-26
15199734734730103209,Mark Brown,,1711485603295,5,The quality of the grass-fed beef is outstanding. It's now a staple in our home.,No,2024-03-26
4070405692964974100,Tara Young,,1711485603295,1,Offers incredible variety. The heirloom carrots were a hit at dinner.,Yes,2024-03-26
4951554983766803617,Melissa Miller,,1711485603296,5,"Received a beautifully arranged basket of mixed fruits, perfect for gifting.",No,2024-03-26
1291905486969994948,Alexandra Johnston,,1711485603296,3,"I had an issue with my order, but it was resolved quickly. Great customer service!",Yes,2024-03-26
11810247758297240921,Paul Lester,,1711485603296,5,The variety of your whole grain selection has transformed my baking.,Yes,2024-03-26
6188290844704734917,Jacqueline Jackson,,1711485603296,1,Your quick responses to inquiries and order adjustments are top-notch customer service.,Yes,2024-03-26
17552042301947783812,Cassie Robertson,,1711485603296,4,The seasonal squash variety was a delightful addition to our autumn meals.,Yes,2024-03-26
4766717854646449646,Mr. Jason Knox,,1711485603296,4,I'm always pleased with the variety and freshness of your root vegetables.,Yes,2024-03-26
9614679535224996447,Luke Payne,,1711485603296,5,Received a lovely note with my berry order. It’s those personal touches that make a difference.,Yes,2024-03-26
995157846413973204,Nicholas Brooks,,1711485603296,2,Your initiative to minimize food waste through creative recipes and tips is inspiring.,Yes,2024-03-26
12979003697129673365,William Hardy,,1711485603297,4,"I'm impressed by the sustainability initiatives your farm practices, from soil health to water conservation.",No,2024-03-26
17458554607452993102,Nicholas Best,,1711485603297,3,The variety of your whole grain selection has transformed my baking.,Yes,2024-03-26
9854566281220001603,Audrey Cox,,1711485603297,4,"A wonderful assortment of organic nuts and seeds, great for snacking.",No,2024-03-26
16259210169456904131,Michael Fleming,,1711485603297,3,"Ordered fresh oysters for a special dinner; they were a hit, fresh and delicious.",Yes,2024-03-26
9977248589305553013,Miss Debra Silva,,1711485603297,3,Offers incredible variety. The heirloom carrots were a hit at dinner.,Yes,2024-03-26
12675501672058163946,Timothy Gonzalez,,1711485603297,4,"Excellent packaging, ensuring all the delicate greens arrived in perfect condition.",No,2024-03-26
4996612687550155292,Robert Long,,1711485603297,4,Avocados were at the perfect stage of ripeness. Made the best guacamole!,No,2024-03-26
922182272141138592,Sara Scott,,1711485603297,5,I'm consistently impressed by the freshness and quality of your seafood selection.,Yes,2024-03-26
5648075105614557808,Ryan Smith,,1711485603297,4,The variety of your whole grain selection has transformed my baking.,Yes,2024-03-26
1834149894086795944,Jose Thompson,,1711485603298,4,Your initiative to minimize food waste through creative recipes and tips is inspiring.,No,2024-03-26
11840905795389073886,Benjamin Melton,,1711485603298,4,Your farm's commitment to biodiversity is evident in the variety and quality of produce.,Yes,2024-03-26
12185945930851049527,Melanie Bowman,,1711485603298,3,"Your selection of fresh, organic juices is refreshing and full of flavor.",No,2024-03-26
9353262207181953518,Jason Gardner,,1711485603298,2,The balance between quality and price in your organic product range is exceptional.,No,2024-03-26
7585476337003931687,Julie Sanchez,,1711485603298,3,Your initiative to minimize food waste through creative recipes and tips is inspiring.,No,2024-03-26
18421146656244947949,Jason Smith,,1711485603298,5,I appreciate the detailed product descriptions that help me make informed choices.,Yes,2024-03-26
4481759038763062350,Kimberly Bailey,,1711485603298,2,The nutritional value and taste of your superfood selections are unmatched.,Yes,2024-03-26
14862592359741432142,Leslie Taylor,,1711485603298,2,"The order was a bit delayed in shipping, but the quality of the products made up for it.",No,2024-03-26
545758314964471578,Jeffrey Cowan,,1711485603299,2,The juiciness and flavor of your stone fruits make them a summer highlight.,Yes,2024-03-26
7513889246865540062,Carl Harmon,,1711485603299,2,"The strawberries were fresh and juicy, delivered right on time!",Yes,2024-03-26
16264055720609085724,Erik Santana,,1711485603299,5,The packaging of leafy greens kept them fresh for days longer than expected.,No,2024-03-26
15030037435274327198,Hunter Ramsey,,1711485603299,3,"Your fresh, organic nut butters are a staple in my pantry now.",No,2024-03-26
13315710449397463596,Brandon Griffin,,1711485603299,1,Your curated selection of local wines pairs perfectly with your gourmet offerings.,Yes,2024-03-26
17352667830329333612,David Price,,1711485603299,3,Received a lovely note with my berry order. It’s those personal touches that make a difference.,Yes,2024-03-26
261684963875078862,Clayton Dyer,,1711485603300,3,I'm always pleased with the variety and freshness of your root vegetables.,Yes,2024-03-26
6384052913557470276,Kyle Jones,,1711485603300,3,"Your dairy products, especially the artisanal cheeses, are absolutely divine.",No,2024-03-26
11206613920772359722,Kent Bates,,1711485603300,4,Your sustainable packaging not only keeps my order fresh but also aligns with my values.,No,2024-03-26
12117177756668678802,Joseph Ayala,,1711485603300,5,"I'm always excited to see what new, seasonal items you'll offer next.",Yes,2024-03-26
9642212631048643953,Bryan Jensen,,1711485603300,1,"Your selection of fresh, organic juices is refreshing and full of flavor.",Yes,2024-03-26
6637142800909618946,Mrs. Colleen Mcintyre,,1711485603300,1,Ordered a variety of citrus fruits; each was juicy and packed with flavor.,Yes,2024-03-26
3288894034700038975,Mary Hernandez,,1711485603300,2,Your curated selection of local wines pairs perfectly with your gourmet offerings.,Yes,2024-03-26
3488374226882673090,Fernando Mccormick,,1711485603300,2,The efficiency and friendliness of your delivery service make every order a pleasure.,No,2024-03-26
5873083844498143503,Rebecca Webb,,1711485603301,4,The quality of the grass-fed beef is outstanding. It's now a staple in our home.,No,2024-03-26
13263004087396214314,Crystal Browning,,1711485603301,5,I'm consistently impressed by the freshness and quality of your seafood selection.,No,2024-03-26
5670519105343732603,Chad Carlson,,1711485603301,5,"The convenience of having fresh, seasonal produce delivered to my door is unbeatable.",Yes,2024-03-26
7700493754255834949,Andrea Wilson,,1711485603301,2,The variety of your whole grain selection has transformed my baking.,No,2024-03-26
882554675602862796,Andrew Ramirez,,1711485603301,5,Your farm-to-table approach is evident in the superior taste of your produce.,No,2024-03-26
3211683191853879934,Scott Miller,,1711485603301,1,The option for contactless delivery has made getting fresh food convenient and safe.,Yes,2024-03-26
5999981931976817813,Emily Barr,,1711485603301,2,"Your selection of fresh, organic juices is refreshing and full of flavor.",Yes,2024-03-26
2080668139132972880,Emily Roberts,,1711485603301,1,"Fantastic selection of artisan cheeses, each with a unique taste profile.",No,2024-03-26
7693086977248496416,Ethan Marsh,,1711485603301,2,"Fantastic selection of artisan cheeses, each with a unique taste profile.",Yes,2024-03-26
15634948985943987706,Erika Bass,,1711485603302,2,The variety and quality of your organic vegetable selection are unparalleled.,No,2024-03-26
16206995975214632963,Mr. Johnathan Smith,,1711485603302,3,"Excellent packaging, ensuring all the delicate greens arrived in perfect condition.",No,2024-03-26
15573609706338459257,Kimberly Simpson,,1711485603302,5,Your exotic fruit selection has introduced me to new flavors and health benefits.,No,2024-03-26
14288764497764574376,Dean Miller,,1711485603302,2,Ordered a variety of citrus fruits; each was juicy and packed with flavor.,No,2024-03-26
8829824045168793902,William Robertson Jr.,,1711485603302,1,I appreciate the detailed product descriptions that help me make informed choices.,No,2024-03-26
12902750786525340178,Cheryl Solomon,,1711485603302,1,"Honeycrisp apples were crunchy and sweet, exactly how I like them.",Yes,2024-03-26
4194374133307816809,Donald Morrison,,1711485603302,3,Your quick responses to inquiries and order adjustments are top-notch customer service.,No,2024-03-26
12794766360738029713,Don Graham,,1711485603302,5,I appreciate the wide variety of gluten-free products that cater to my dietary needs.,Yes,2024-03-26
16088060794693343836,Danielle Davies,,1711485603303,1,The tenderness and flavor of your farm-raised poultry are worth every penny.,Yes,2024-03-26
3652190992575384053,Sarah Allen,,1711485603303,5,The quality and flavor of your organic coffee selection start my day off right.,No,2024-03-26
3516139759167280,Sara Fisher,,1711485603303,4,The exotic fruits were a hit in my tropical fruit salad. The passion fruit was exceptional.,No,2024-03-26
364217134754981075,Mrs. Angela Williams,,1711485603303,3,"Finding such a wide assortment of fresh, organic spices has elevated my cooking.",Yes,2024-03-26
2332124747334201658,Amy Lyons,,1711485603303,5,Discovering rare and unique vegetables in my order is always a delightful surprise.,No,2024-03-26
13108924708912622632,Stephanie Washington,,1711485603303,5,I've never been disappointed by the tenderness and taste of your grass-fed meats.,Yes,2024-03-26
10313995033572257123,Kevin Hudson,,1711485603303,5,Your initiative to minimize food waste through creative recipes and tips is inspiring.,Yes,2024-03-26
17231508869275145397,Eric Lane,,1711485603303,5,Your attention to detail in packaging ensures that every item arrives in perfect condition.,Yes,2024-03-26
9930539642247776467,Robert Peters,,1711485603304,3,Your selection of heirloom vegetables has brought new flavors and stories to our dinner table.,Yes,2024-03-26
12251641643910850124,Virginia Melton,,1711485603304,5,"I had an issue with my order, but it was resolved quickly. Great customer service!",Yes,2024-03-26
17698266565840948794,Trevor Martinez,,1711485603304,1,Your commitment to organic farming practices is why I shop exclusively with you.,Yes,2024-03-26
18129977150631005050,Jennifer Hernandez,,1711485603304,2,The tenderness and flavor of your farm-raised poultry are worth every penny.,Yes,2024-03-26
15060204406199369319,Robin Torres,,1711485603304,2,The freshness and quality of your leafy greens have turned my salads into a main course.,Yes,2024-03-26
1536604065337673084,Scott Thomas,,1711485603304,3,The tenderness and flavor of your farm-raised poultry are worth every penny.,Yes,2024-03-26
468690834081433352,Debra Heath,,1711485603304,3,"I had an issue with my order, but it was resolved quickly. Great customer service!",No,2024-03-26
9381856551364212463,Shawn Pineda,,1711485603304,1,Your attention to detail in packaging ensures that every item arrives in perfect condition.,Yes,2024-03-26
2380852927091046033,Jennifer Hensley,,1711485603304,1,"Your prepared meals are a lifesaver on busy nights, without sacrificing quality.",Yes,2024-03-26
2625356884478555155,Joe Jackson,,1711485603305,1,"Fantastic selection of artisan cheeses, each with a unique taste profile.",Yes,2024-03-26
10108901034407859908,Kevin Patrick,,1711485603305,1,"The vegan chocolate selection is tempting and delicious, with so many options.",No,2024-03-26
1410264818760023418,Tony Miller,,1711485603305,2,The balance between quality and price in your organic product range is exceptional.,Yes,2024-03-26
3649303623818097830,Lori Thomas,,1711485603305,4,I appreciate the detailed product descriptions that help me make informed choices.,No,2024-03-26
8896930615920352493,Melanie Mcguire,,1711485603305,5,I'm consistently impressed by the freshness and quality of your seafood selection.,No,2024-03-26
16479305709456166913,Amber Johnson,,1711485603305,4,Your commitment to organic farming practices is why I shop exclusively with you.,Yes,2024-03-26
17314957008288015498,Katherine Miller,,1711485603305,4,Your exotic fruit selection has introduced me to new flavors and health benefits.,Yes,2024-03-26
14971876827900548117,Heather Mitchell,,1711485603306,3,The variety of your whole grain selection has transformed my baking.,No,2024-03-26
14555903927171933852,Aaron Werner,,1711485603306,4,"The organic chicken was tender and flavorful, a significant difference from store-bought.",No,2024-03-26
9690963320333191474,Diana Hodges,,1711485603306,5,The quality of the grass-fed beef is outstanding. It's now a staple in our home.,Yes,2024-03-26
15281402904077615156,Jean Burton,,1711485603306,1,I appreciate the wide variety of gluten-free products that cater to my dietary needs.,No,2024-03-26
17591002415136288520,Tiffany Wilson,,1711485603306,4,The clarity and accuracy of your product labeling make shopping with allergies easy.,No,2024-03-26
8271018369113967695,Krystal Davis,,1711485603306,5,Discovering your exotic fruit selection has been an adventure for my taste buds.,Yes,2024-03-26
8855522216901643821,Richard Combs,,1711485603307,1,Your seasonal newsletters with recipes and product highlights are a great touch.,Yes,2024-03-26
5009218217672200278,Madison Armstrong,,1711485603307,2,"Your online ordering system is seamless, making it easy to get fresh food fast.",No,2024-03-26
2177011256213864115,Laura Pena,,1711485603307,3,Your biodegradable packaging shows your commitment to the environment and quality.,No,2024-03-26
9178208646261685245,Destiny Castro,,1711485603307,3,Offers incredible variety. The heirloom carrots were a hit at dinner.,Yes,2024-03-26
1680059764595018022,David Bryan,,1711485603307,2,I appreciate the detailed product descriptions that help me make informed choices.,No,2024-03-26
14997690001934865379,Rita Henderson,,1711485603308,2,The freshness of the herbs is noticeable. My dishes have never tasted better.,No,2024-03-26
17234021318348662323,Thomas Simpson,,1711485603308,2,The nutritional value and taste of your superfood selections are unmatched.,No,2024-03-26
4503068491936079056,Mark Erickson,,1711485603308,5,The variety of your whole grain selection has transformed my baking.,No,2024-03-26
1544235582377675771,Daryl Bauer,,1711485603308,4,"The vegan chocolate selection is tempting and delicious, with so many options.",Yes,2024-03-26
7883468044643400315,Edwin Ellison,,1711485603308,5,Offers incredible variety. The heirloom carrots were a hit at dinner.,Yes,2024-03-26
13765924947283873784,Julie Wallace,,1711485603309,3,The variety and quality of your organic vegetable selection are unparalleled.,Yes,2024-03-26
4113624099366878940,Lauren Rodriguez,,1711485603309,4,The clarity and accuracy of your product labeling make shopping with allergies easy.,No,2024-03-26
13401322116112144983,Susan Scott,,1711485603310,5,Received a lovely note with my berry order. It’s those personal touches that make a difference.,No,2024-03-26
173505702118775692,Jeremy Charles,,1711485603310,2,Your sustainable packaging not only keeps my order fresh but also aligns with my values.,No,2024-03-26
6913444751490020349,Jeffrey Hunter,,1711485603311,3,"Your fresh, organic nut butters are a staple in my pantry now.",Yes,2024-03-26
2998735802798506868,Julie Smith,,1711485603311,4,Your initiative to minimize food waste through creative recipes and tips is inspiring.,No,2024-03-26
1120284592117980408,Lisa Fox,,1711485603311,3,"Your selection of fresh, organic juices is refreshing and full of flavor.",Yes,2024-03-26
5024882814775354362,Kellie Long,,1711485603312,1,The seasonal squash variety was a delightful addition to our autumn meals.,Yes,2024-03-26
11292287323219690723,Lori Jarvis,,1711485603312,2,The option to buy in bulk has made maintaining my healthy lifestyle more affordable.,No,2024-03-26
16017469418326960624,Tammy Phillips,,1711485603312,3,Ordered a variety of citrus fruits; each was juicy and packed with flavor.,Yes,2024-03-26
6245062228733028175,Michael Riddle,,1711485603312,5,The consistently high quality of your meats makes them the centerpiece of any meal.,No,2024-03-26
17003331910009476472,Debra Patrick,,1711485603312,3,The clarity and accuracy of your product labeling make shopping with allergies easy.,Yes,2024-03-26
17431316629812436801,Whitney Green,,1711485603313,2,The flavor and freshness of your herbs and spices make every dish a masterpiece.,No,2024-03-26
16046293347509808437,David Best,,1711485603313,4,I've never been disappointed by the tenderness and taste of your grass-fed meats.,Yes,2024-03-26
17405825869844493747,Cindy Scott,,1711485603313,2,Your gluten-free bakery selection is a game-changer for those of us with dietary restrictions.,Yes,2024-03-26
5037342561652741915,Amanda Weber,,1711485603314,1,Your quick responses to inquiries and order adjustments are top-notch customer service.,No,2024-03-26
1109574195741199018,Crystal Lamb,,1711485603314,3,Ordered a variety of citrus fruits; each was juicy and packed with flavor.,Yes,2024-03-26
17278249104492694276,Frank Hanson,,1711485603314,1,Your initiative to minimize food waste through creative recipes and tips is inspiring.,No,2024-03-26
4598456117098400112,Lindsey Carr,,1711485603314,4,Your selection of farm-fresh eggs makes every breakfast feel gourmet.,No,2024-03-26
4039058126218740238,Kim Carter,,1711485603314,5,The clarity and accuracy of your product labeling make shopping with allergies easy.,Yes,2024-03-26
17506067152465604807,James Baker,,1711485603314,3,Your curated selection of local wines pairs perfectly with your gourmet offerings.,No,2024-03-26
15937017586124414177,Amy Gonzalez,,1711485603314,2,I'm consistently impressed by the freshness and quality of your seafood selection.,No,2024-03-26
14205360455074115169,Maria Foley,,1711485603315,4,"Fantastic selection of artisan cheeses, each with a unique taste profile.",Yes,2024-03-26
12038572138150420520,Anna Payne,,1711485603315,3,Received a lovely note with my berry order. It’s those personal touches that make a difference.,Yes,2024-03-26
5568614798481752669,John Mcdaniel,,1711485603315,5,The ripeness and taste of your tropical fruit selection bring the flavors of summer to my kitchen.,No,2024-03-26
12828716940252564500,Darlene Goodwin,,1711485603315,5,"Ordered fresh oysters for a special dinner; they were a hit, fresh and delicious.",No,2024-03-26
17637262084491367507,Michael Wyatt,,1711485603315,2,"Discovered new varieties of apples I'd never heard of, and each was a treat.",No,2024-03-26
11123885898319810444,Calvin Mcintosh,,1711485603315,3,Your selection of heirloom vegetables has brought new flavors and stories to our dinner table.,No,2024-03-26
10300480887341948903,Katherine Hill,,1711485603315,5,The variety and quality of your organic vegetable selection are unparalleled.,No,2024-03-26
4055888698920630507,Sarah Li,,1711485603316,3,Received a lovely note with my berry order. It’s those personal touches that make a difference.,Yes,2024-03-26
17076081335593384375,Kendra Smith,,1711485603316,1,The variety of your whole grain selection has transformed my baking.,Yes,2024-03-26
17048185833263054101,Samantha Hoffman,,1711485603316,4,The quality and flavor of your organic coffee selection start my day off right.,Yes,2024-03-26
8637267783389078900,Daniel Nelson,,1711485603316,3,"Excellent packaging, ensuring all the delicate greens arrived in perfect condition.",No,2024-03-26
10242278988909330344,Mr. Anthony Davis,,1711485603316,4,The flavor and freshness of your herbs and spices make every dish a masterpiece.,No,2024-03-26
16816520226374881428,Valerie White,,1711485603316,3,The variety of mushrooms available is impressive. Made for an exquisite risotto.,No,2024-03-26
8172880191584564517,Scott Hall,,1711485603317,4,"I'm always excited to see what new, seasonal items you'll offer next.",Yes,2024-03-26
13686336416854949305,Dawn Mills,,1711485603317,4,"The assortment of fresh bread is a carb lover's dream, so soft and tasty.",No,2024-03-26
12018351377106584913,Mark Hayes,,1711485603317,4,Your selection of heirloom vegetables has brought new flavors and stories to our dinner table.,No,2024-03-26
14991569903566600552,Rebecca Thompson,,1711485603317,5,"Cherries were sweet and ripe, without a single bad one in the batch.",No,2024-03-26
11457681803079330961,Mary Banks,,1711485603317,3,The clarity and accuracy of your product labeling make shopping with allergies easy.,No,2024-03-26
1949605608073789086,Nicholas Soto,,1711485603317,4,The variety of mushrooms available is impressive. Made for an exquisite risotto.,Yes,2024-03-26
11929615105328135447,Brian Gonzalez,,1711485603317,5,The variety of your whole grain selection has transformed my baking.,Yes,2024-03-26
16519718271656641862,Ethan Byrd,,1711485603318,1,"The order was a bit delayed in shipping, but the quality of the products made up for it.",No,2024-03-26
4970875398944140536,Christopher Harris,,1711485603318,1,Your farm-to-table approach is evident in the superior taste of your produce.,No,2024-03-26
12727223012758369389,Bethany Vance,,1711485603318,4,Your biodegradable packaging shows your commitment to the environment and quality.,No,2024-03-26
