business_id,business_name,time,rating,text,verified,date
cens-0826280001-1168,LAZARO MOYA,1712409006572,4,Bulk bin section is a money-saver.,No,2024-04-06
cens-0823780001-36,Taller Ramon Plana,1712409006673,3,Could improve on the organic snack options.,No,2024-04-06
cens-0829430008-106,ESCOLA WALDORF,1712409006779,2,Disappointed by the seafood selection.,Yes,2024-04-06
cens-0804620002-611,ARIMA CENTRE DE TERAPIES,1712409006878,4,They offer great cooking classes and demos.,Yes,2024-04-06
cens-0800600000-2354,LAUREN'S,1712409006975,3,Always out of my favorite items.,Yes,2024-04-06
cens-0801800000-207,nan,1712409007070,5,Free samples are always appreciated!,No,2024-04-06
cens-0811410007-1305,nan,1712409007169,1,Checkout lines were too long.,No,2024-04-06
cens-0823970005-45,HABITATGE US TURÍSTIC,1712409007269,3,Prices have been creeping up without any clear improvement in selection or quality.,No,2024-04-06
cens-0812650006-778,HABITATGE D'ÚS TURÍSTIC,1712409007368,3,"Delivery drivers are careless, often leaving groceries in unsuitable locations where they can be damaged or stolen.",No,2024-04-06
cens-0824820002-765,JUTJAT DE PAU,1712409007468,5,Excellent customer service!,Yes,2024-04-06
cens-0804620002-450,VETLAND CARDEDEU CLÍNICAS VETERINARIAS,1712409007568,5,The selection of locally sourced honey and jams is not only extensive but brings a taste of the region's best flavors directly to our table.,Yes,2024-04-06
cens-0823460009-32,LOCAL SOCIAL CAN RAM,1712409007668,5,Awesome selection of organic foods!,Yes,2024-04-06
cens-0816660009-31,CADITEX I CIA,1712409007767,2,Needs a better selection of non-dairy milk.,No,2024-04-06
cens-0820930008-58,nan,1712409007866,5,The store brand products are top quality.,Yes,2024-04-06
cens-0818100000-375,PUJADAS AUTOMOCIÓ,1712409007965,4,They offer great cooking classes and demos.,No,2024-04-06
cens-0828240003-374,nan,1712409008061,3,The health and beauty section is lacking.,No,2024-04-06
cens-0816720002-197,nan,1712409008160,5,"The inclusion of a small cafe within the store is perfect for a quick break during shopping trips, offering excellent coffee and snacks.",Yes,2024-04-06
cens-0821880001-694,CONSTRUCCIONS VALL,1712409008260,5,I appreciate the store's effort in organizing cooking classes; it's a great way to engage with the community and learn new recipes using ingredients sold right there.,Yes,2024-04-06
cens-0803860009-115,ADI - LOGÍSTIC,1712409008358,4,"It's refreshing to see a grocery store that places such a high value on customer feedback, with suggestion boxes and responsive management.",Yes,2024-04-06
cens-0826130008-538,nan,1712409008456,5,"The wine and beer selection is curated with care, featuring local breweries and vineyards alongside well-known global brands, making it a go-to for any occasion.",Yes,2024-04-06
cens-0821070005-126,nan,1712409008556,5,"I was pleasantly surprised by their commitment to sustainability, with eco-friendly packaging and a wide range of bulk purchase options reducing plastic waste.",No,2024-04-06
cens-0804620002-1148,ITS FAIRS,1712409008656,3,The health and beauty section is lacking.,Yes,2024-04-06
cens-0811410007-2125,LAVADEROS EUROPA,1712409008757,5,"The loyalty program is not only rewarding but also includes personalized discounts based on shopping history, which I find to be a thoughtful touch.",Yes,2024-04-06
cens-0828960009-53,RESIDENCIA VIRGEN DE MONTSERRAT,1712409008870,2,Found mold on several items that were supposed to be fresh; it's clear that quality control is lacking.,Yes,2024-04-06
cens-0828300000-1028,MAS PRATGIBERT,1712409008969,5,Awesome selection of organic foods!,No,2024-04-06
cens-0813850006-143,nan,1712409009076,1,Prices have been creeping up without any clear improvement in selection or quality.,No,2024-04-06
cens-0821880001-876,nan,1712409009175,5,"They've created a community bulletin board where local events and services are posted, fostering a strong sense of community engagement.",Yes,2024-04-06
cens-0814580001-442,SAHER MAQUINARIA AGRÍCOLA,1712409009271,3,Received a batch of spoiled fruits that were inedible upon arrival.,Yes,2024-04-06
cens-0804620002-1180,EL PAGES,1712409009370,5,"The variety of plant-based and vegan products is impressive, catering to dietary needs that are often overlooked in traditional grocery stores.",No,2024-04-06
cens-0816350006-1160,PERE ZAMORA CONSTRUCCIONS,1712409009467,1,More eco-friendly packaging needed.,Yes,2024-04-06
cens-0814580001-340,MOBLES OFICINA OCASIO BCN OFISERVEIS,1712409009563,4,Organic meat selection is unmatched.,Yes,2024-04-06
cens-0807520002-186,GRANJA SANT LLOP,1712409009662,1,Checkout lines were too long.,Yes,2024-04-06
cens-0812650006-262,FRUITES I VERDURES SA2PE,1712409009762,3,Found mold on several items that were supposed to be fresh; it's clear that quality control is lacking.,Yes,2024-04-06
cens-0828580001-436,nan,1712409009861,4,"It's refreshing to see a grocery store that places such a high value on customer feedback, with suggestion boxes and responsive management.",Yes,2024-04-06
cens-0804970005-87,CAL BERNADÀS II,1712409009957,3,The store layout is confusing.,No,2024-04-06
cens-0810560009-107,VODAFONE,1712409010055,2,The health and beauty section is lacking.,No,2024-04-06
cens-0811410007-2381,PETRONIEVES,1712409010151,5,"They've created a community bulletin board where local events and services are posted, fostering a strong sense of community engagement.",No,2024-04-06
cens-0806150006-70,GRANJA CLAVERIA,1712409010249,5,Online ordering process is smooth.,No,2024-04-06
cens-0822480001-2,Can Borla,1712409010345,1,Needs more checkout staff during peak hours.,Yes,2024-04-06
cens-0826130008-390,nan,1712409010442,2,The store layout is confusing.,No,2024-04-06
cens-0814580001-330,COMERCIAL QUIMICA MASSO,1712409010540,5,"Excellent packaging, ensuring all the delicate greens arrived in perfect condition.",Yes,2024-04-06
cens-0800600000-2046,LA FRUITERIA,1712409010638,1,Needs more checkout staff during peak hours.,Yes,2024-04-06
cens-0814830008-52,Habitatge ús turístic,1712409010739,1,"Delivery drivers are careless, often leaving groceries in unsuitable locations where they can be damaged or stolen.",No,2024-04-06
cens-0804620002-1992,AL-GAR,1712409010838,4,The store's effort to feature and promote products from women-owned and minority-owned businesses is a great way to support diverse entrepreneurs.,Yes,2024-04-06
cens-0810560009-133,BOMBAS HASA,1712409010934,2,Parking was a nightmare.,Yes,2024-04-06
cens-0828580001-1454,TORELLÓ SUPERMERCAT 2,1712409011030,2,Could use more variety in organic options.,No,2024-04-06
cens-0829430008-374,nan,1712409011127,5,"The seafood counter offers an impressive array of fresh, sustainable options, and the knowledgeable staff can provide cooking tips and recipe ideas.",Yes,2024-04-06
cens-0811410007-574,CRIT INTERIM ETT,1712409011226,5,They offer great cooking classes and demos.,Yes,2024-04-06
cens-0822510007-27,LA ROVIRA,1712409011321,3,Checkout lines were too long.,No,2024-04-06
cens-0810810007-48,SALLETTALEN Y BRIAND,1712409011419,3,Received a batch of spoiled fruits that were inedible upon arrival.,Yes,2024-04-06
cens-0824820002-439,CAN PUIG DE LA VALL,1712409011517,3,"The online inventory often doesn't match what's actually available, leading to disappointing substitutions.",No,2024-04-06
cens-0806920002-209,nan,1712409011614,3,Checkout lines were too long.,Yes,2024-04-06
cens-0814190004-460,FORMATGERIA CAL MUSIC,1712409011709,3,Needs more checkout staff during peak hours.,Yes,2024-04-06
cens-0819760009-1066,nan,1712409011810,5,"It's refreshing to see a grocery store that places such a high value on customer feedback, with suggestion boxes and responsive management.",No,2024-04-06
cens-0814190004-563,AJUNTAMENT DE NAVÀS,1712409011907,5,"The seafood counter offers an impressive array of fresh, sustainable options, and the knowledgeable staff can provide cooking tips and recipe ideas.",Yes,2024-04-06
cens-0828450006-664,nan,1712409012004,1,"Delivery drivers are careless, often leaving groceries in unsuitable locations where they can be damaged or stolen.",Yes,2024-04-06
cens-0802910007-173,FUGRUP,1712409012100,1,"Products are frequently mislabeled, causing confusion and inconvenience.",No,2024-04-06
cens-0827470005-1118,CMC SÚRIA,1712409012199,1,The bakery section is a bit lacking.,No,2024-04-06
cens-0802910007-29,nan,1712409012296,3,I wish they had more cashiers on duty.,Yes,2024-04-06
cens-0818310007-929,"OVA PROJECTS, S.L.",1712409012393,2,Always out of my favorite items.,No,2024-04-06
cens-0826280001-1179,NOSTRA FRUITERIA,1712409012494,3,Customer service could be more attentive.,Yes,2024-04-06
cens-0800180001-1881,UTE Castellbisbal - Martorell,1712409012598,2,Always out of my favorite items.,Yes,2024-04-06
cens-0826340003-12520,BARRADO IMPORT-EXPORT SL,1712409012698,4,The parking lot is well-lit and safe.,Yes,2024-04-06
cens-0819950006-20,Mas Reig SCP,1712409012793,3,"I was disappointed to find that some of the produce, while labeled organic, did not seem to meet the usual standards of freshness and quality I expected.",Yes,2024-04-06
cens-0801210007-147,nan,1712409012890,1,Parking was a nightmare.,No,2024-04-06
cens-0824820002-228,CALER RACING,1712409012992,1,"The refund process is overly complicated and time-consuming, making it a hassle to return unsatisfactory items",Yes,2024-04-06
cens-0827850006-558,MAS CAL MONJO,1712409013092,4,In-store cafe makes shopping a pleasure.,No,2024-04-06
cens-0828450006-2921,nan,1712409013198,4,"Could be cleaner, but the produce is top-notch.",Yes,2024-04-06
cens-0808850006-74,PEIXATERIA J.MARÉS,1712409013303,2,Disappointed by the seafood selection.,No,2024-04-06
cens-0824820002-794,TALLERS JORIC,1712409013426,4,Great prices and friendly staff.,Yes,2024-04-06
cens-0825150006-463,nan,1712409013525,5,Some of the best organic tomatoes I’ve tasted. Will definitely order again!,No,2024-04-06
cens-0803480001-23,EL XALOC,1712409013628,2,Always out of my favorite items.,No,2024-04-06
cens-0800180001-1549,MERCADONA,1712409013731,1,"Although the selection of products is generally outstanding, I've noticed that staple items can be out of stock, which can be inconvenient for regular shopping.",No,2024-04-06
cens-0825920002-1418,"VENTANA HERMÈTICA UIN 2, S.L.",1712409013830,3,Could improve on the organic snack options.,Yes,2024-04-06
cens-0826340003-11991,BARRADO,1712409013927,2,Parking was a nightmare.,Yes,2024-04-06
cens-0816140003-653,Espai de Llum,1712409014037,4,"It's refreshing to see a grocery store that places such a high value on customer feedback, with suggestion boxes and responsive management.",Yes,2024-04-06
cens-0810690004-7164,Saloon Beauty and Barber Shop,1712409014142,3,"Delivery drivers are careless, often leaving groceries in unsuitable locations where they can be damaged or stolen.",No,2024-04-06
cens-0814190004-414,MSA MECANITZATS,1712409014251,3,Checkout lines were too long.,No,2024-04-06
cens-0824010007-153,CAVA ROSELL GALLART,1712409014347,1,The health and beauty section is lacking.,Yes,2024-04-06
cens-0815800000-588,SATEL COMUNICACIONES,1712409014442,3,Could improve on the organic snack options.,Yes,2024-04-06
cens-0812060009-58,JOVÉ,1712409014539,4,"I was impressed by the store's initiative to offer educational tours to schools, teaching children about nutrition and the importance of local farming.",No,2024-04-06
cens-0814580001-705,nan,1712409014637,3,"Despite its many positives, the store could improve by extending its hours on weekends to accommodate those with busy work schedules.",Yes,2024-04-06
cens-0820210007-1700,nan,1712409014734,3,Needs a better selection of non-dairy milk.,Yes,2024-04-06
cens-0816350006-3301,REGISTRE DE LA PROPIETAT,1712409014832,5,The availability of rare and exotic fruits and vegetables encourages culinary exploration and creativity in the kitchen.,No,2024-04-06
cens-0819950006-34,bar restaurant Caribe,1712409014929,1,Checkout lines were too long.,No,2024-04-06
cens-0828580001-141,nan,1712409015031,1,"The online inventory often doesn't match what's actually available, leading to disappointing substitutions.",Yes,2024-04-06
cens-0811200000-1027,nan,1712409015141,1,"Delivery drivers are careless, often leaving groceries in unsuitable locations where they can be damaged or stolen.",No,2024-04-06
cens-0827850006-306,ELECTRÒNICA SOLER,1712409015283,5,"They offer a remarkable range of dietary-specific products, from keto and paleo to gluten-free and sugar-free, making healthy living more accessible.",No,2024-04-06
cens-0828300000-1081,CONSTRULLAR,1712409015405,4,The store brand products are top quality.,Yes,2024-04-06
cens-0811410007-889,nan,1712409015548,1,Customer service could be more attentive.,Yes,2024-04-06
cens-0802290004-3287,nan,1712409015656,5,"One of the best aspects is the freshness and variety of the salad bar, offering a plethora of options for healthy and quick meal solutions.",No,2024-04-06
cens-0822990004-19,CASA DUARRI,1712409015764,2,Wish there were more discounts.,Yes,2024-04-06
cens-0828300000-672,MOBLES PIRINEUS,1712409015890,3,Wish there were more discounts.,Yes,2024-04-06
cens-0812650006-322,PLAQUES SOLARS FOTOVOLTAIQUES,1712409016001,5,The floral department is always a delight.,Yes,2024-04-06
cens-0800180001-1804,Cámaras-Express SL,1712409016114,1,Could use more variety in organic options.,Yes,2024-04-06
cens-0818100000-276,CALVIN KLEIN UNDERWEAR,1712409016221,2,"The promised 'farm-fresh' quality falls short, with many items tasting no better than what's found in conventional stores.",Yes,2024-04-06
cens-0819180001-1024,CLUB NATACIÓ SALLENT,1712409016340,2,More eco-friendly packaging needed.,No,2024-04-06
cens-0808320002-87,nan,1712409016453,1,Needs a better selection of non-dairy milk.,Yes,2024-04-06
cens-0806150006-30,SUPERMERCAT MAS PLANOI,1712409016549,2,Parking was a nightmare.,Yes,2024-04-06
cens-0812060009-129,ROCHESTER LANGUAGE CENTER,1712409016647,4,The loyalty app is super convenient.,No,2024-04-06
cens-0827320002-599,NETISAN,1712409016760,2,Received a batch of spoiled fruits that were inedible upon arrival.,No,2024-04-06
cens-0816350006-2201,MARTA,1712409016864,2,More eco-friendly packaging needed.,Yes,2024-04-06
cens-0823310007-54,nan,1712409016965,2,Disappointed by the seafood selection.,Yes,2024-04-06
cens-0816140003-1060,Vap's Monkey,1712409017078,4,"I was pleasantly surprised by their commitment to sustainability, with eco-friendly packaging and a wide range of bulk purchase options reducing plastic waste.",Yes,2024-04-06
cens-0827470005-925,LA REPERA,1712409017196,5,"The variety of plant-based and vegan products is impressive, catering to dietary needs that are often overlooked in traditional grocery stores.",No,2024-04-06
cens-0813850006-83,nan,1712409017297,3,The store layout is confusing.,Yes,2024-04-06
cens-0890580001-430,BANC DE SABADELL,1712409017397,3,Needs more checkout staff during peak hours.,No,2024-04-06
cens-0824010007-1070,LOCUTORI-INTERNET,1712409017500,4,"Their commitment to reducing food waste, through partnerships with local food banks and offering discounts on near-expiration items, is truly commendable.",Yes,2024-04-06
cens-0819230008-2239,NATUREL,1712409017610,1,"Although the selection of products is generally outstanding, I've noticed that staple items can be out of stock, which can be inconvenient for regular shopping.",Yes,2024-04-06
cens-0815800000-327,nan,1712409017720,3,Needs more checkout staff during peak hours.,Yes,2024-04-06
cens-0822270005-74,nan,1712409017821,2,"The promised 'farm-fresh' quality falls short, with many items tasting no better than what's found in conventional stores.",Yes,2024-04-06
cens-0828300000-1241,nan,1712409017922,2,Needs more checkout staff during peak hours.,No,2024-04-06
cens-0818100000-283,EL SINDICAT QUEVIURES,1712409018019,3,"Delivery drivers are careless, often leaving groceries in unsuitable locations where they can be damaged or stolen.",Yes,2024-04-06
cens-0826900000-275,MONTANYÀ HOTEL,1712409018120,5,Their in-house bakery produces some of the most delightful pastries and bread I've ever tasted – the early morning aroma of fresh baking is irresistible.,No,2024-04-06
cens-0816350006-3126,nan,1712409018250,1,"Although the selection of products is generally outstanding, I've noticed that staple items can be out of stock, which can be inconvenient for regular shopping.",Yes,2024-04-06
cens-0828450006-424,PERDIUS SELECTES GIRALT,1712409018352,1,"Delivery drivers are careless, often leaving groceries in unsuitable locations where they can be damaged or stolen.",No,2024-04-06
cens-0810000000-456,VIG PRIVEE ESPAI LA DISCO,1712409018450,3,Not satisfied with the freshness of perishables.,No,2024-04-06
cens-0816350006-3388,COLEO RECYCLING BCN,1712409018549,3,"The refund process is overly complicated and time-consuming, making it a hassle to return unsatisfactory items",No,2024-04-06
cens-0809450006-142,XTA.CAT,1712409018646,4,"I had an issue with a product, and the way the customer service team handled my complaint was exemplary, offering a refund and a coupon for future use.",Yes,2024-04-06
cens-0811200000-123,nan,1712409018745,2,Wish there were more discounts.,Yes,2024-04-06
cens-0803330008-871,EDIF SL,1712409018859,1,The bakery section is a bit lacking.,No,2024-04-06
cens-0813500000-159,VERNIPLUS SL,1712409018969,1,"Products are frequently mislabeled, causing confusion and inconvenience.",Yes,2024-04-06
cens-0826710007-450,ESTRUCTURAS ORTIZ-CASADO,1712409019066,1,Not satisfied with the freshness of perishables.,Yes,2024-04-06
cens-0815930008-2807,KFC,1712409019169,4,The freshness guarantee is reassuring.,Yes,2024-04-06
cens-0820370005-72,AJUNTAMENT DE SANT CEBRIÀ DE VALLALTA,1712409019289,5,"Excellent packaging, ensuring all the delicate greens arrived in perfect condition.",No,2024-04-06
cens-0810560009-1207,LLAGOSTPARK,1712409019387,4,Awesome selection of organic foods!,Yes,2024-04-06
cens-0803330008-391,L'ESPIGA D'OR,1712409019483,3,"The promised 'farm-fresh' quality falls short, with many items tasting no better than what's found in conventional stores.",No,2024-04-06
cens-0827470005-311,CAL PLANES,1712409019582,4,"It's refreshing to see a grocery store that places such a high value on customer feedback, with suggestion boxes and responsive management.",No,2024-04-06
cens-0815930008-551,GRIFOLS,1712409019697,4,Their loyalty program is really worth it.,No,2024-04-06
cens-0800180001-1866,La Calma,1712409019821,2,"Despite its many positives, the store could improve by extending its hours on weekends to accommodate those with busy work schedules.",Yes,2024-04-06
cens-0816350006-1917,SPORT 333,1712409019920,1,"Customer service responses are generic and unhelpful, failing to address specific concerns.",Yes,2024-04-06
cens-0828770005-180,HABITATGE TURÍSTIC CAN ROSSELL,1712409020046,3,Could use more variety in organic options.,No,2024-04-06
cens-0802910007-267,BRL,1712409020155,2,Prices have been creeping up without any clear improvement in selection or quality.,No,2024-04-06
cens-0804100000-1177,nan,1712409020252,2,"I was disappointed to find that some of the produce, while labeled organic, did not seem to meet the usual standards of freshness and quality I expected.",No,2024-04-06
cens-0804100000-1384,nan,1712409020348,3,Wish there were more discounts.,No,2024-04-06
cens-0818030008-3971,TABACS ARAGON,1712409020453,3,"The promised 'farm-fresh' quality falls short, with many items tasting no better than what's found in conventional stores.",No,2024-04-06
cens-0800180001-530,MELEGHY AUTOMOTIVE,1712409020572,5,The store brand products are top quality.,No,2024-04-06
cens-0816720002-47,BANCO POPULAR,1712409020670,5,The store brand products are top quality.,Yes,2024-04-06
cens-0810810007-53,nan,1712409020785,5,Organic meat selection is unmatched.,No,2024-04-06
cens-0828300000-1013,LA RIERA,1712409020907,3,Not satisfied with the freshness of perishables.,No,2024-04-06
cens-0806730008-55,Peixeteria Centelles,1712409021002,5,Great prices and friendly staff.,Yes,2024-04-06
cens-0804100000-661,"ESPAÑOL, SA",1712409021124,5,"The inclusion of a small cafe within the store is perfect for a quick break during shopping trips, offering excellent coffee and snacks.",Yes,2024-04-06
cens-0823460009-214,nan,1712409021251,2,Wish there were more discounts.,Yes,2024-04-06
cens-0818030008-3460,nan,1712409021379,5,Fresh sushi made daily is a treat.,No,2024-04-06
cens-0808850006-1308,EXCAVACIONS I TRANSPORTS SEGÚ,1712409021478,2,The store layout is confusing.,No,2024-04-06
cens-0811200000-477,BARBERIA NASSER,1712409021603,3,I wish they had more cashiers on duty.,No,2024-04-06
cens-0802910007-38,GROLMAN,1712409021740,5,"They've created a community bulletin board where local events and services are posted, fostering a strong sense of community engagement.",No,2024-04-06
cens-0814580001-348,GUALA CLOUSURESIBÉRICA,1712409021838,3,Parking was a nightmare.,Yes,2024-04-06
cens-0815800000-540,BAR-RESTAURANTE CASA PACO,1712409021939,4,"The variety of plant-based and vegan products is impressive, catering to dietary needs that are often overlooked in traditional grocery stores.",No,2024-04-06
cens-0828580001-945,"VILAR2, CB",1712409022047,4,"Their online shopping and home delivery service have been a game-changer, especially with the intuitive app that makes ordering easy and efficient.",No,2024-04-06
cens-0811410007-182,CATT TREBALL,1712409022170,2,"I was disappointed to find that some of the produce, while labeled organic, did not seem to meet the usual standards of freshness and quality I expected.",No,2024-04-06
cens-0818030008-1744,nan,1712409022289,4,The selection of locally sourced honey and jams is not only extensive but brings a taste of the region's best flavors directly to our table.,Yes,2024-04-06
cens-0803120002-463,nan,1712409022414,3,Could use more variety in organic options.,Yes,2024-04-06
cens-7004660009-104,nan,1712409022519,1,"Although the selection of products is generally outstanding, I've noticed that staple items can be out of stock, which can be inconvenient for regular shopping.",No,2024-04-06
cens-0823310007-106,PROLABOR,1712409022615,2,Could use more variety in organic options.,Yes,2024-04-06
cens-0806920002-191,PALSON 2,1712409022738,3,Needs more checkout staff during peak hours.,No,2024-04-06
cens-0803330008-1205,MARTI M&I ROCA PERRUQUERS,1712409022876,5,"The store's interior design and layout make shopping a pleasant experience, with wide aisles, clearly marked sections, and a welcoming atmosphere.",No,2024-04-06
cens-0814300000-277,nan,1712409022975,4,I appreciate the store's effort in organizing cooking classes; it's a great way to engage with the community and learn new recipes using ingredients sold right there.,Yes,2024-04-06
cens-0800570005-854,SALA D'ART CARLES SINDREU,1712409023075,3,"I was disappointed to find that some of the produce, while labeled organic, did not seem to meet the usual standards of freshness and quality I expected.",Yes,2024-04-06
cens-0813790004-47,AJUNTAMENT DE MONTSENY,1712409023180,5,Checkout is seamless with self-service options.,Yes,2024-04-06
cens-0803700000-66,FARMACIA,1712409023304,5,"I had an issue with a product, and the way the customer service team handled my complaint was exemplary, offering a refund and a coupon for future use.",No,2024-04-06
cens-0826340003-901,nan,1712409023410,5,"The variety of plant-based and vegan products is impressive, catering to dietary needs that are often overlooked in traditional grocery stores.",Yes,2024-04-06
cens-0803050006-378,nan,1712409023507,2,Could improve on the organic snack options.,Yes,2024-04-06
cens-0818310007-494,nan,1712409023620,4,"I was impressed by the store's initiative to offer educational tours to schools, teaching children about nutrition and the importance of local farming.",Yes,2024-04-06
cens-0802530008-138,nan,1712409023751,3,"Delivery drivers are careless, often leaving groceries in unsuitable locations where they can be damaged or stolen.",Yes,2024-04-06
cens-0800600000-2753,nan,1712409023879,5,"Their seasonal outdoor farmers' market is a must-visit, offering an exceptional variety of fresh produce, artisanal cheeses, and handmade goods from local vendors.",Yes,2024-04-06
cens-0816350006-2218,EL BOCARROT,1712409023997,2,Always out of my favorite items.,No,2024-04-06
cens-0814580001-392,PENEDÈS LOGISTICS,1712409024113,1,"Although the selection of products is generally outstanding, I've noticed that staple items can be out of stock, which can be inconvenient for regular shopping.",Yes,2024-04-06
cens-0820210007-1101,nan,1712409024232,1,"The refund process is overly complicated and time-consuming, making it a hassle to return unsatisfactory items",Yes,2024-04-06
cens-0804100000-1449,nan,1712409024355,1,Received a batch of spoiled fruits that were inedible upon arrival.,Yes,2024-04-06
cens-0813850006-9,FORN DE CABRIANES,1712409024479,4,"Their online shopping and home delivery service have been a game-changer, especially with the intuitive app that makes ordering easy and efficient.",Yes,2024-04-06
cens-0810690004-7849,Ppàstics Gomalf,1712409024616,2,The store layout is confusing.,Yes,2024-04-06
cens-0890240003-674,"ROY DISTRIBUCIONES LIBRERIA, PAPELERIA I JUGUETERIA",1712409024724,2,Could improve on the organic snack options.,Yes,2024-04-06
cens-0802290004-3716,XURRERIA LA ROYAL,1712409024837,4,Meat and fish sections are well-maintained.,Yes,2024-04-06
cens-0818100000-149,SEE-YOU,1712409024937,3,"Despite its many positives, the store could improve by extending its hours on weekends to accommodate those with busy work schedules.",Yes,2024-04-06
cens-0815930008-2714,nan,1712409025046,3,Always out of my favorite items.,Yes,2024-04-06
cens-0821530008-171,nan,1712409025169,4,Excellent wine and spirits selection.,Yes,2024-04-06
cens-0814580001-471,"INMODEL 2007, SLU",1712409025280,5,"I was impressed by the store's initiative to offer educational tours to schools, teaching children about nutrition and the importance of local farming.",Yes,2024-04-06
cens-0811200000-950,nan,1712409025380,1,Could improve on the organic snack options.,No,2024-04-06
cens-0826340003-356,CEMENTIRI,1712409025480,3,"The refund process is overly complicated and time-consuming, making it a hassle to return unsatisfactory items",No,2024-04-06
cens-0800600000-2534,TERRANOVA CNC 45,1712409025585,3,"The online inventory often doesn't match what's actually available, leading to disappointing substitutions.",Yes,2024-04-06
cens-0811410007-1349,JOSEP LLUÍS LÓPEZ - INSTAL·LACIONS ELÈCTRIQUES,1712409025726,3,Disappointed by the seafood selection.,Yes,2024-04-06
cens-0802910007-310,TEIXITS SABOTEX,1712409025824,5,The availability of rare and exotic fruits and vegetables encourages culinary exploration and creativity in the kitchen.,No,2024-04-06
cens-0808850006-1400,TALLERS MARFE,1712409025922,3,Always out of my favorite items.,No,2024-04-06
cens-0828450006-2917,ROSTISSERIA MONTSE 2,1712409026018,5,The prepared foods section saves my dinners!,No,2024-04-06
cens-0820210007-465,nan,1712409026119,4,"While the prices can be a bit higher than at big box stores, the quality and customer service offered here make it worth the extra cost.",Yes,2024-04-06
cens-0806920002-206,CUEROS CONDAL,1712409026241,5,Love the fresh produce!,No,2024-04-06
cens-0804780001-355,nan,1712409026340,4,"The store's interior design and layout make shopping a pleasant experience, with wide aisles, clearly marked sections, and a welcoming atmosphere.",Yes,2024-04-06
cens-0826710007-324,EMBALAJES MONTE,1712409026435,3,Customer service could be more attentive.,No,2024-04-06
cens-0817120002-142,PERFUMERIA SUSSI,1712409026533,1,Found mold on several items that were supposed to be fresh; it's clear that quality control is lacking.,Yes,2024-04-06
cens-0824010007-1347,nan,1712409026629,1,Could use more variety in organic options.,Yes,2024-04-06
cens-0826130008-49,H·TOP ROYAL SUN SUITES,1712409026726,5,Free samples are always appreciated!,No,2024-04-06
cens-0810560009-1069,CORTINAS JAP,1712409026825,4,"While the prices can be a bit higher than at big box stores, the quality and customer service offered here make it worth the extra cost.",Yes,2024-04-06
cens-0824820002-1053,TRADERFILL COATINGS,1712409026920,2,Parking was a nightmare.,Yes,2024-04-06
cens-0811410007-2503,TEMPS MULTIWORK,1712409027019,2,"Customer service responses are generic and unhelpful, failing to address specific concerns.",Yes,2024-04-06
cens-0804100000-1453,nan,1712409027118,4,The availability of rare and exotic fruits and vegetables encourages culinary exploration and creativity in the kitchen.,No,2024-04-06
cens-0811410007-1431,MERCERIA LLIBRERIA - FILS I PAPERS,1712409027215,5,"One of the best aspects is the freshness and variety of the salad bar, offering a plethora of options for healthy and quick meal solutions.",Yes,2024-04-06
cens-0810810007-213,nan,1712409027312,2,Needs a better selection of non-dairy milk.,No,2024-04-06
cens-0803120002-501,nan,1712409027410,3,"The online inventory often doesn't match what's actually available, leading to disappointing substitutions.",Yes,2024-04-06
cens-0804100000-983,nan,1712409027507,2,"Although the selection of products is generally outstanding, I've noticed that staple items can be out of stock, which can be inconvenient for regular shopping.",No,2024-04-06
cens-0804460009-117,TGB,1712409027603,5,The parking lot is well-lit and safe.,Yes,2024-04-06
cens-0815930008-2439,FORN I PASTISSERIA CALVO,1712409027702,1,The store layout is confusing.,No,2024-04-06
cens-0826900000-286,nan,1712409027799,5,Bulk bin section is a money-saver.,Yes,2024-04-06
cens-0819180001-144,GRANJA QUATRE VENTS,1712409027897,2,"The refund process is overly complicated and time-consuming, making it a hassle to return unsatisfactory items",No,2024-04-06
cens-0810690004-7601,Hypnosis Project Design SL,1712409027995,5,Some of the best organic tomatoes I’ve tasted. Will definitely order again!,Yes,2024-04-06
cens-0818030008-5102,nan,1712409028092,4,The loyalty app is super convenient.,No,2024-04-06
cens-0813500000-357,VIDA KINESIOLOGIA,1712409028190,2,Could improve on the organic snack options.,Yes,2024-04-06
cens-0818030008-5467,OFICINA DE LA LLEI DE BARRIS,1712409028289,2,"Products are frequently mislabeled, causing confusion and inconvenience.",No,2024-04-06
cens-0821880001-86,TAMOIL,1712409028387,5,"The wine and beer selection is curated with care, featuring local breweries and vineyards alongside well-known global brands, making it a go-to for any occasion.",Yes,2024-04-06
cens-0816720002-287,nan,1712409028485,1,Disappointed by the seafood selection.,Yes,2024-04-06
cens-0800600000-346,nan,1712409028583,2,The store layout is confusing.,Yes,2024-04-06
cens-0822270005-482,nan,1712409028681,2,Prices have been creeping up without any clear improvement in selection or quality.,No,2024-04-06
cens-0824440003-324,FORN SANT JAUME,1712409028780,1,Not satisfied with the freshness of perishables.,No,2024-04-06
cens-0820210007-2947,MERCADONA,1712409028878,2,Checkout lines were too long.,No,2024-04-06
cens-0813500000-337,TALLERS SERRAT FONT SL,1712409028975,2,"The refund process is overly complicated and time-consuming, making it a hassle to return unsatisfactory items",Yes,2024-04-06
cens-0811410007-1558,EDUNE MAQUINARIA Y UTILLAJE,1712409029076,5,Great prices and friendly staff.,No,2024-04-06
cens-0804780001-570,nan,1712409029174,3,Received a batch of spoiled fruits that were inedible upon arrival.,Yes,2024-04-06
cens-0811410007-1248,nan,1712409029270,4,Awesome selection of organic foods!,No,2024-04-06
cens-0814020002-607,J&M DIVERSOS,1712409029367,5,"Their commitment to reducing food waste, through partnerships with local food banks and offering discounts on near-expiration items, is truly commendable.",No,2024-04-06
cens-0810690004-7965,La Clau Verda,1712409029465,4,A go-to for specialty gourmet products.,Yes,2024-04-06
cens-0813850006-1168,nan,1712409029562,3,"Customer service responses are generic and unhelpful, failing to address specific concerns.",No,2024-04-06
cens-0824390004-17,CAN TANYÀ,1712409029661,1,The store layout is confusing.,No,2024-04-06
cens-0811410007-1298,LA CAIXA,1712409029758,4,"I was impressed by the store's initiative to offer educational tours to schools, teaching children about nutrition and the importance of local farming.",Yes,2024-04-06
cens-0819760009-1052,nan,1712409029854,3,The health and beauty section is lacking.,No,2024-04-06
cens-0806540003-233,nan,1712409029952,2,Always out of my favorite items.,No,2024-04-06
cens-0806410007-79,nan,1712409030050,2,"I was disappointed to find that some of the produce, while labeled organic, did not seem to meet the usual standards of freshness and quality I expected.",Yes,2024-04-06
cens-0817120002-209,CAFÈ ORIENT,1712409030148,3,"I was disappointed to find that some of the produce, while labeled organic, did not seem to meet the usual standards of freshness and quality I expected.",Yes,2024-04-06
cens-0828450006-2861,FORN MARTA,1712409030248,4,Friendly and helpful pharmacy staff.,No,2024-04-06
cens-0811200000-218,nan,1712409030345,2,Wish there were more discounts.,No,2024-04-06
cens-0814450006-172,L'ATALAIA,1712409030443,2,Checkout lines were too long.,Yes,2024-04-06
cens-0800600000-2763,nan,1712409030541,3,Checkout lines were too long.,Yes,2024-04-06
cens-0804100000-1311,GOCCIA VERDE,1712409030638,3,Not satisfied with the freshness of perishables.,No,2024-04-06
cens-0815550006-229,DRAULIC FREN SL,1712409030737,1,The bakery section is a bit lacking.,No,2024-04-06
cens-0802530008-6,DANSESTUDI,1712409030836,5,Great prices and friendly staff.,Yes,2024-04-06
cens-0800180001-672,Exel,1712409030933,5,Best place for vegan groceries.,No,2024-04-06
cens-0802400000-13,EL CAROL,1712409031034,5,Excellent wine and spirits selection.,Yes,2024-04-06
cens-0820210007-1433,nan,1712409031132,2,"The promised 'farm-fresh' quality falls short, with many items tasting no better than what's found in conventional stores.",No,2024-04-06
cens-0808470005-11,GRANJA PALA,1712409031231,3,Needs a better selection of non-dairy milk.,No,2024-04-06
cens-0823460009-35,PISCINA MUNICIPAL CAN RAM,1712409031327,2,"The promised 'farm-fresh' quality falls short, with many items tasting no better than what's found in conventional stores.",No,2024-04-06
cens-0819180001-312,EMYPRO,1712409031424,2,"The promised 'farm-fresh' quality falls short, with many items tasting no better than what's found in conventional stores.",Yes,2024-04-06
cens-0830080001-54,EGARSERVER AIE,1712409031532,1,"The online inventory often doesn't match what's actually available, leading to disappointing substitutions.",No,2024-04-06
cens-0823620002-64,CA L'OLIVER MOLI PAPERER,1712409031637,4,Excellent wine and spirits selection.,Yes,2024-04-06
cens-0824820002-894,ANGELS I SOMNIS,1712409031737,5,Bulk bin section is a money-saver.,No,2024-04-06
cens-0818030008-1493,"CAFES ROS, S.A.",1712409031837,2,Customer service could be more attentive.,Yes,2024-04-06
cens-0823030008-496,FUSTERIA QUEROL,1712409031938,4,"It's refreshing to see a grocery store that places such a high value on customer feedback, with suggestion boxes and responsive management.",No,2024-04-06
cens-0820210007-1496,nan,1712409032039,1,Needs more checkout staff during peak hours.,Yes,2024-04-06
cens-0800180001-1332,HAM,1712409032139,5,I appreciate the store's effort in organizing cooking classes; it's a great way to engage with the community and learn new recipes using ingredients sold right there.,No,2024-04-06
cens-0826710007-1346,"NOGAL PALETS, SL",1712409032241,5,The store's effort to feature and promote products from women-owned and minority-owned businesses is a great way to support diverse entrepreneurs.,No,2024-04-06
cens-0816140003-367,Dinamic Fitness,1712409032343,4,Free samples are always appreciated!,No,2024-04-06
cens-0803120002-41,METUSYSTEM IBERICA,1712409032444,1,Checkout lines were too long.,No,2024-04-06
cens-0818030008-1895,nan,1712409032545,4,Their in-house bakery produces some of the most delightful pastries and bread I've ever tasted – the early morning aroma of fresh baking is irresistible.,No,2024-04-06
cens-0803120002-142,nan,1712409032646,5,"The staff went above and beyond when I inquired about gluten-free options, guiding me through the aisles and providing recommendations on products and brands.",Yes,2024-04-06
cens-0813850006-28,PLANXISTERIA MOIÀ,1712409032746,3,Disappointed by the seafood selection.,Yes,2024-04-06
cens-0805380001-146,GRANJA CA L'OLIVER,1712409032858,4,"Their seasonal outdoor farmers' market is a must-visit, offering an exceptional variety of fresh produce, artisanal cheeses, and handmade goods from local vendors.",Yes,2024-04-06
cens-0807490004-491,nan,1712409032964,4,Love the fresh produce!,No,2024-04-06
cens-0800570005-549,MOBLES TOT SOFA,1712409033066,4,Impressed by the local produce selection.,No,2024-04-06
cens-0827320002-274,DISTRIBUCIONS SURIOL,1712409033164,5,Great prices and friendly staff.,Yes,2024-04-06
cens-0823030008-122,RESTAURANT LA CORMA,1712409033261,1,Parking was a nightmare.,No,2024-04-06
cens-0815550006-286,ROSTISSERIA I XURRERIA MUÑOZ,1712409033362,3,"Products are frequently mislabeled, causing confusion and inconvenience.",No,2024-04-06
cens-0825540003-30,MAS LA PINYA,1712409033461,3,Needs a better selection of non-dairy milk.,No,2024-04-06
cens-0804100000-1194,BOCACTORIA,1712409033562,4,"The store's interior design and layout make shopping a pleasant experience, with wide aisles, clearly marked sections, and a welcoming atmosphere.",No,2024-04-06
cens-0828450006-51,CATALUNYA CAIXA- BBVA,1712409033662,3,Wish there were more discounts.,Yes,2024-04-06
cens-0813850006-267,nan,1712409033759,4,"It's refreshing to see a grocery store that places such a high value on customer feedback, with suggestion boxes and responsive management.",No,2024-04-06
cens-0826130008-688,RASHID ZEKERIAEV,1712409033859,3,"The promised 'farm-fresh' quality falls short, with many items tasting no better than what's found in conventional stores.",Yes,2024-04-06
cens-0811200000-1142,SERVEI TECNIC NEW PC,1712409033958,5,"The loyalty program is not only rewarding but also includes personalized discounts based on shopping history, which I find to be a thoughtful touch.",No,2024-04-06
cens-0823030008-435,nan,1712409034054,4,Great prices and friendly staff.,No,2024-04-06
cens-0811200000-1254,FORN PRAT,1712409034156,4,Found everything I needed and more!,Yes,2024-04-06
cens-0828300000-1038,JIVESTONA / GRANJA FLORIDA,1712409034282,4,In-store cafe makes shopping a pleasure.,No,2024-04-06
cens-0814020002-646,EL REBOST IBÈRIC,1712409034385,5,"The wine and beer selection is curated with care, featuring local breweries and vineyards alongside well-known global brands, making it a go-to for any occasion.",No,2024-04-06
cens-0826710007-1371,nan,1712409034487,4,"The loyalty program is not only rewarding but also includes personalized discounts based on shopping history, which I find to be a thoughtful touch.",No,2024-04-06
cens-0806890004-138,TALLERS MIQUEL SALA,1712409034585,4,Friendly and helpful pharmacy staff.,Yes,2024-04-06
cens-0826280001-984,MONTSERRAT I QUERALT,1712409034686,1,Always out of my favorite items.,Yes,2024-04-06
cens-0803330008-2608,FERIMET CALDES,1712409034790,2,Disappointed by the seafood selection.,Yes,2024-04-06
cens-0819180001-436,GIL-VERNET CLÍNICA DENTAL,1712409034890,3,Parking was a nightmare.,No,2024-04-06
cens-0816350006-2140,nan,1712409034991,4,The availability of rare and exotic fruits and vegetables encourages culinary exploration and creativity in the kitchen.,Yes,2024-04-06
cens-0816140003-633,Auto reparacions  Sanjuan,1712409035095,1,Always out of my favorite items.,Yes,2024-04-06
cens-0826710007-1294,PATRICIA MORAL ADVOCADA,1712409035194,1,Always out of my favorite items.,No,2024-04-06
cens-0816720002-5,nan,1712409035291,4,Love the fresh produce!,No,2024-04-06
cens-0819230008-722,GRANJA ROSENDO,1712409035388,2,"Despite its many positives, the store could improve by extending its hours on weekends to accommodate those with busy work schedules.",Yes,2024-04-06
cens-0813850006-965,CENTRE CANÍ LA TALAIA,1712409035485,5,Friendly and helpful pharmacy staff.,Yes,2024-04-06
cens-0800600000-789,TELEPIZZA,1712409035584,2,The store layout is confusing.,No,2024-04-06
cens-0810000000-693,GRANJA ECOLOGICA SASSORBA SCP,1712409035683,4,Checkout is seamless with self-service options.,Yes,2024-04-06
cens-0803700000-429,Supermercat SPAR,1712409035784,2,Checkout lines were too long.,Yes,2024-04-06
cens-0808850006-426,MOLCASIL,1712409035883,5,"While the prices can be a bit higher than at big box stores, the quality and customer service offered here make it worth the extra cost.",No,2024-04-06
cens-0810560009-55,POLYLIB GESTION Y TRATAMIENTO PLASTICO,1712409035981,4,The deli section offers amazing sandwiches.,Yes,2024-04-06
cens-0828580001-1226,nan,1712409036082,1,"Delivery drivers are careless, often leaving groceries in unsuitable locations where they can be damaged or stolen.",No,2024-04-06
cens-0811410007-2297,VA DE GLÀ,1712409036182,2,Checkout lines were too long.,Yes,2024-04-06
cens-0802910007-334,MATSUKAWA,1712409036280,3,The store layout is confusing.,No,2024-04-06
cens-0811410007-757,ANGE'LS,1712409036389,2,Needs more checkout staff during peak hours.,Yes,2024-04-06
cens-0825920002-580,ETS I UTS,1712409036495,2,Found mold on several items that were supposed to be fresh; it's clear that quality control is lacking.,Yes,2024-04-06
cens-0829170005-177,TRATESA,1712409036593,3,More eco-friendly packaging needed.,Yes,2024-04-06
cens-0800180001-992,MOVILPAQ,1712409036694,4,"Their online shopping and home delivery service have been a game-changer, especially with the intuitive app that makes ordering easy and efficient.",No,2024-04-06
cens-0826710007-1079,CANYAMERES,1712409036797,5,The floral department is always a delight.,Yes,2024-04-06
cens-0825920002-1146,CAN CARRERONS,1712409036900,4,Meat and fish sections are well-maintained.,Yes,2024-04-06
cens-0812710007-45,CAYVOL MONISTROL,1712409037000,5,Excellent customer service!,No,2024-04-06
cens-0814580001-282,nan,1712409037100,5,Checkout is seamless with self-service options.,No,2024-04-06
cens-0800600000-2477,CALID'S,1712409037199,4,Friendly and helpful pharmacy staff.,Yes,2024-04-06
cens-0800570005-267,DNC,1712409037299,2,"The refund process is overly complicated and time-consuming, making it a hassle to return unsatisfactory items",Yes,2024-04-06
cens-0826130008-501,nan,1712409037398,1,The store layout is confusing.,Yes,2024-04-06
cens-0814300000-622,TOT MARCA OUTLET,1712409037497,4,"Excellent packaging, ensuring all the delicate greens arrived in perfect condition.",Yes,2024-04-06
cens-0810810007-23,DRUNPE,1712409037596,1,Wish there were more discounts.,No,2024-04-06
cens-0825920002-684,IBER PROTEXION LABORAL SL,1712409037697,5,"The inclusion of a small cafe within the store is perfect for a quick break during shopping trips, offering excellent coffee and snacks.",No,2024-04-06
cens-0811410007-2583,PERRUQUERIA MªANGELS,1712409037797,4,"The store's interior design and layout make shopping a pleasant experience, with wide aisles, clearly marked sections, and a welcoming atmosphere.",Yes,2024-04-06
cens-0819180001-139,BANC SABADELL ATLÁNTICO,1712409037895,1,Wish there were more discounts.,Yes,2024-04-06
cens-0826490004-343,HUTB-012528,1712409037996,4,"While the prices can be a bit higher than at big box stores, the quality and customer service offered here make it worth the extra cost.",Yes,2024-04-06
cens-0808850006-1487,L'ESPLAI,1712409038092,4,Pet-friendly shopping is a plus.,No,2024-04-06
cens-0814190004-611,LOCALHOST127.0.0.1 SCP,1712409038191,2,Customer service could be more attentive.,No,2024-04-06
cens-0824600000-99,MAS DEL FRARES,1712409038290,4,Some of the best organic tomatoes I’ve tasted. Will definitely order again!,Yes,2024-04-06
cens-0804100000-769,PEIXETERIA CASABLANCA,1712409038388,3,"Products are frequently mislabeled, causing confusion and inconvenience.",No,2024-04-06
cens-0816720002-124,CONDIS,1712409038487,4,"The seafood counter offers an impressive array of fresh, sustainable options, and the knowledgeable staff can provide cooking tips and recipe ideas.",Yes,2024-04-06
cens-0804100000-1075,TALLER DE RELOJERIA D. ALONSO,1712409038583,4,"One of the best aspects is the freshness and variety of the salad bar, offering a plethora of options for healthy and quick meal solutions.",No,2024-04-06
cens-0810000000-383,nan,1712409038680,1,"The refund process is overly complicated and time-consuming, making it a hassle to return unsatisfactory items",Yes,2024-04-06
cens-0818100000-512,DIA MARKET,1712409038777,3,Needs a better selection of non-dairy milk.,No,2024-04-06
cens-0826490004-110,"JET SERVICE MAQUINARIA, SL",1712409038876,5,Online ordering process is smooth.,Yes,2024-04-06
cens-0810690004-7634,El Sabater del Poble,1712409038975,4,"One of the best aspects is the freshness and variety of the salad bar, offering a plethora of options for healthy and quick meal solutions.",Yes,2024-04-06
cens-0811730008-255,GRANJA CAMPDELACREU,1712409039075,2,Could use more variety in organic options.,No,2024-04-06
cens-0811730008-227,LA CODINA,1712409039175,2,"Delivery drivers are careless, often leaving groceries in unsuitable locations where they can be damaged or stolen.",Yes,2024-04-06
cens-0802290004-2537,DIA,1712409039275,2,Needs more checkout staff during peak hours.,Yes,2024-04-06
cens-0828580001-1558,TSE TSE,1712409039373,1,"Delivery drivers are careless, often leaving groceries in unsuitable locations where they can be damaged or stolen.",No,2024-04-06
cens-0804620002-2333,nan,1712409039469,3,"Despite its many positives, the store could improve by extending its hours on weekends to accommodate those with busy work schedules.",Yes,2024-04-06
cens-0826130008-748,HUT B -065271- 64,1712409039566,2,Not satisfied with the freshness of perishables.,No,2024-04-06
cens-0804100000-1182,nan,1712409039667,4,Impressed by the local produce selection.,Yes,2024-04-06
cens-0829170005-309,AJUNTAMENT,1712409039765,4,The deli section offers amazing sandwiches.,Yes,2024-04-06
cens-0824820002-1040,XURRERIA,1712409039865,3,Always out of my favorite items.,Yes,2024-04-06
cens-0810000000-600,nan,1712409039963,1,"I was disappointed to find that some of the produce, while labeled organic, did not seem to meet the usual standards of freshness and quality I expected.",Yes,2024-04-06
cens-0804100000-1191,nan,1712409040059,4,"The variety of plant-based and vegan products is impressive, catering to dietary needs that are often overlooked in traditional grocery stores.",No,2024-04-06
cens-0818310007-915,Club de Boxa Osona,1712409040157,1,Needs a better selection of non-dairy milk.,Yes,2024-04-06
cens-0822990004-87,CASA HORTA,1712409040261,5,Online ordering process is smooth.,Yes,2024-04-06
cens-0827850006-359,MAS BELLPUIG,1712409040362,5,"While the prices can be a bit higher than at big box stores, the quality and customer service offered here make it worth the extra cost.",No,2024-04-06
cens-0820420002-661,MARMOLES URREA,1712409040464,5,Checkout is seamless with self-service options.,Yes,2024-04-06
cens-0817480001-3,nan,1712409040564,1,Found mold on several items that were supposed to be fresh; it's clear that quality control is lacking.,No,2024-04-06
cens-0819760009-981,nan,1712409040665,3,Wish there were more discounts.,No,2024-04-06
cens-0823460009-36,PUNT INFORMACIÓ LA MONGIA,1712409040762,2,Needs a better selection of non-dairy milk.,Yes,2024-04-06
cens-0812060009-225,RESIDÈNCIA SAGRADA FAMÍLIA,1712409040861,2,"Although the selection of products is generally outstanding, I've noticed that staple items can be out of stock, which can be inconvenient for regular shopping.",No,2024-04-06
cens-0818030008-2791,RPM,1712409040960,3,Prices have been creeping up without any clear improvement in selection or quality.,No,2024-04-06
cens-0803330008-204,PEDRAGOSA,1712409041060,1,"I was disappointed to find that some of the produce, while labeled organic, did not seem to meet the usual standards of freshness and quality I expected.",No,2024-04-06
cens-0804250006-77,LOCAL SOCIAL DE CAN VOLART,1712409041160,1,"Although the selection of products is generally outstanding, I've noticed that staple items can be out of stock, which can be inconvenient for regular shopping.",Yes,2024-04-06
cens-0803330008-63,CAROL BRUGUERA,1712409041258,4,"I had an issue with a product, and the way the customer service team handled my complaint was exemplary, offering a refund and a coupon for future use.",No,2024-04-06
cens-0820210007-1528,nan,1712409041355,3,"Despite its many positives, the store could improve by extending its hours on weekends to accommodate those with busy work schedules.",No,2024-04-06
cens-0808850006-2356,ECELENI,1712409041454,2,More eco-friendly packaging needed.,No,2024-04-06
cens-0805380001-7,HÍPICA TERAPEUTICA CASA BAUMA,1712409041552,3,Could use more variety in organic options.,Yes,2024-04-06
cens-0810000000-685,EL MU,1712409041648,2,Found mold on several items that were supposed to be fresh; it's clear that quality control is lacking.,No,2024-04-06
cens-0812710007-385,nan,1712409041746,2,I wish they had more cashiers on duty.,Yes,2024-04-06
cens-0812060009-577,nan,1712409041846,2,Not satisfied with the freshness of perishables.,No,2024-04-06
cens-0810810007-15,NTG EBREX,1712409041945,3,"Delivery drivers are careless, often leaving groceries in unsuitable locations where they can be damaged or stolen.",No,2024-04-06
cens-0803330008-675,MANIPULADOS ESPEJO SL,1712409042049,5,Found everything I needed and more!,No,2024-04-06
cens-0826710007-659,F.G.METALES,1712409042165,5,Online ordering process is smooth.,No,2024-04-06
cens-0828580001-853,CALS AVIS - RESIDÈNCIA ROCAPREVERA,1712409042268,2,"Despite its many positives, the store could improve by extending its hours on weekends to accommodate those with busy work schedules.",Yes,2024-04-06
cens-0816720002-762,nan,1712409042401,5,"It's refreshing to see a grocery store that places such a high value on customer feedback, with suggestion boxes and responsive management.",No,2024-04-06
cens-0810560009-1054,SUMEVA,1712409042523,5,"The loyalty program is not only rewarding but also includes personalized discounts based on shopping history, which I find to be a thoughtful touch.",No,2024-04-06
cens-0828300000-677,CORREOS,1712409042625,1,"Although the selection of products is generally outstanding, I've noticed that staple items can be out of stock, which can be inconvenient for regular shopping.",No,2024-04-06
cens-0813500000-337,TALLERS SERRAT FONT SL,1712409042724,5,"Could be cleaner, but the produce is top-notch.",Yes,2024-04-06
cens-0820210007-1485,ALDI,1712409042832,2,Received a batch of spoiled fruits that were inedible upon arrival.,Yes,2024-04-06
cens-0801160009-52,'GRANJA VILAMARÍ',1712409042935,4,The parking lot is well-lit and safe.,No,2024-04-06
cens-0828450006-204,CAN FREIXES,1712409043037,5,The freshness guarantee is reassuring.,Yes,2024-04-06
cens-0810690004-7434,Cafè de Lluna,1712409043138,1,Needs more checkout staff during peak hours.,No,2024-04-06
cens-0804620002-193,CIRO DE ALAMINOS CLINICA VETERINARIA,1712409043238,2,Could improve on the organic snack options.,Yes,2024-04-06
cens-0804620002-1520,DE TELA,1712409043336,3,The bakery section is a bit lacking.,Yes,2024-04-06
cens-0800570005-961,TRIMORMECANIZADOS,1712409043435,1,Could use more variety in organic options.,No,2024-04-06
cens-0811200000-1244,nan,1712409043538,2,"Delivery drivers are careless, often leaving groceries in unsuitable locations where they can be damaged or stolen.",Yes,2024-04-06
cens-0804100000-1499,REPARACIONS DE CALÇAT GTZ,1712409043650,2,Could use more variety in organic options.,No,2024-04-06
cens-0818030008-1050,UNIO DEMOCRATICA DE CATALUNYA,1712409043757,1,"I was disappointed to find that some of the produce, while labeled organic, did not seem to meet the usual standards of freshness and quality I expected.",No,2024-04-06
cens-0810810007-444,"DESGUACES DE AUTOMOVILES, SL",1712409043856,4,The floral department is always a delight.,Yes,2024-04-06
cens-0806410007-95,nan,1712409043954,2,Parking was a nightmare.,Yes,2024-04-06
cens-0804100000-499,POPULAR,1712409044053,3,The store layout is confusing.,Yes,2024-04-06
cens-0811200000-2,nan,1712409044157,1,I wish they had more cashiers on duty.,Yes,2024-04-06
cens-0810690004-7996,Intermas,1712409044262,4,"The variety of plant-based and vegan products is impressive, catering to dietary needs that are often overlooked in traditional grocery stores.",Yes,2024-04-06
cens-0812650006-197,GARATGE D'ÚS PRIVAT,1712409044365,2,Needs more checkout staff during peak hours.,Yes,2024-04-06
cens-0826280001-502,NOSTRUM,1712409044465,3,"Although the selection of products is generally outstanding, I've noticed that staple items can be out of stock, which can be inconvenient for regular shopping.",Yes,2024-04-06
cens-0820210007-3574,Peixateria Mari,1712409044563,2,"The refund process is overly complicated and time-consuming, making it a hassle to return unsatisfactory items",Yes,2024-04-06
cens-0802910007-229,AI HOME BCN,1712409044661,1,The store layout is confusing.,No,2024-04-06
cens-0804620002-2169,CENTRE DE NEGOCIS,1712409044761,3,"Products are frequently mislabeled, causing confusion and inconvenience.",Yes,2024-04-06
cens-0827850006-301,nan,1712409044863,5,"The inclusion of a small cafe within the store is perfect for a quick break during shopping trips, offering excellent coffee and snacks.",No,2024-04-06
cens-0815930008-2713,SYMRISE,1712409044961,3,Found mold on several items that were supposed to be fresh; it's clear that quality control is lacking.,Yes,2024-04-06
cens-0821880001-173,DEA - AUTOMATISMOS PARA PUERTAS,1712409045060,4,Best place for vegan groceries.,No,2024-04-06
cens-0808850006-2476,"OPCIONES VIALES, SL",1712409045160,1,The bakery section is a bit lacking.,No,2024-04-06
cens-0826130008-205,RESTAURANT MA BRASA,1712409045271,4,The availability of rare and exotic fruits and vegetables encourages culinary exploration and creativity in the kitchen.,Yes,2024-04-06
cens-0828450006-3077,NEOCARN2020 SL,1712409045393,5,Impressed by the local produce selection.,Yes,2024-04-06
cens-0803330008-2666,FINQUES VILA VALLS,1712409045496,2,"The refund process is overly complicated and time-consuming, making it a hassle to return unsatisfactory items",Yes,2024-04-06
cens-0814190004-406,VINYAS D'EMPREMPTA,1712409045598,3,The store layout is confusing.,No,2024-04-06
cens-0824600000-184,FORN NOU,1712409045701,3,The health and beauty section is lacking.,Yes,2024-04-06
cens-0822050006-274,PISCINA MUNICIPAL,1712409045809,1,Could use more variety in organic options.,Yes,2024-04-06
cens-0811540003-690,nan,1712409045915,2,I wish they had more cashiers on duty.,No,2024-04-06
cens-0804100000-1332,L'EMPORDA CATERING & EVENTS,1712409046021,1,Received a batch of spoiled fruits that were inedible upon arrival.,Yes,2024-04-06
cens-0806730008-158,El Gimnàs,1712409046120,4,Fresh sushi made daily is a treat.,No,2024-04-06
cens-0823460009-77,CAN QUICO RIBALTA,1712409046222,3,Could use more variety in organic options.,No,2024-04-06
cens-0812710007-248,QUADRA CAVALLS,1712409046323,4,"The loyalty program is not only rewarding but also includes personalized discounts based on shopping history, which I find to be a thoughtful touch.",No,2024-04-06
cens-0811410007-2605,LA VILA PERFUMERIA,1712409046425,1,Always out of my favorite items.,Yes,2024-04-06
cens-0816350006-1455,PURA BRASA,1712409046525,1,"The promised 'farm-fresh' quality falls short, with many items tasting no better than what's found in conventional stores.",Yes,2024-04-06
cens-0802290004-3259,Missatges del Bergueda Express,1712409046623,4,"The store's interior design and layout make shopping a pleasant experience, with wide aisles, clearly marked sections, and a welcoming atmosphere.",No,2024-04-06
cens-0810430008-164,HABITATGE EL MIRADOR,1712409046723,2,Prices have been creeping up without any clear improvement in selection or quality.,Yes,2024-04-06
cens-0803050006-125,J. RIBAS INSTAL·LACIONS,1712409046832,3,"Delivery drivers are careless, often leaving groceries in unsuitable locations where they can be damaged or stolen.",Yes,2024-04-06
cens-0804970005-7,PAVELLÓ MUNICIPAL,1712409046936,5,"I found their selection of international foods to be unparalleled, offering authentic ingredients from around the world that are hard to find elsewhere.",Yes,2024-04-06
cens-0818030008-3191,LOAL,1712409047036,4,"They offer a remarkable range of dietary-specific products, from keto and paleo to gluten-free and sugar-free, making healthy living more accessible.",Yes,2024-04-06
cens-0800600000-2557,nan,1712409047134,4,"Excellent packaging, ensuring all the delicate greens arrived in perfect condition.",Yes,2024-04-06
cens-0819760009-1083,M-YOGA,1712409047229,2,"The promised 'farm-fresh' quality falls short, with many items tasting no better than what's found in conventional stores.",No,2024-04-06
cens-0826130008-531,nan,1712409047329,3,Prices have been creeping up without any clear improvement in selection or quality.,Yes,2024-04-06
cens-0811410007-964,TERESA MODES,1712409047431,4,Awesome selection of organic foods!,No,2024-04-06
cens-0890240003-613,MON PELUT,1712409047532,3,"The promised 'farm-fresh' quality falls short, with many items tasting no better than what's found in conventional stores.",Yes,2024-04-06
cens-0808320002-29,nan,1712409047632,5,"One of the best aspects is the freshness and variety of the salad bar, offering a plethora of options for healthy and quick meal solutions.",Yes,2024-04-06
cens-0802290004-3870,Habitatge d'ús turístic,1712409047732,1,Not satisfied with the freshness of perishables.,No,2024-04-06
cens-0814580001-365,GPS 2000,1712409047834,5,The selection of locally sourced honey and jams is not only extensive but brings a taste of the region's best flavors directly to our table.,Yes,2024-04-06
cens-0819180001-66,GRANJA MANIVERTES,1712409047938,5,Organic meat selection is unmatched.,Yes,2024-04-06
cens-0821880001-206,CALÇATS SANT JOAN,1712409048038,4,Free samples are always appreciated!,No,2024-04-06
cens-0807490004-251,nan,1712409048145,1,More eco-friendly packaging needed.,Yes,2024-04-06
cens-0815550006-579,nan,1712409048247,4,Their in-house bakery produces some of the most delightful pastries and bread I've ever tasted – the early morning aroma of fresh baking is irresistible.,No,2024-04-06
cens-0819230008-1500,PASTISSERIA SANT PERE D'OR,1712409048347,4,"The seafood counter offers an impressive array of fresh, sustainable options, and the knowledgeable staff can provide cooking tips and recipe ideas.",Yes,2024-04-06
cens-0819760009-259,OPTICA UBACH,1712409048447,3,"The online inventory often doesn't match what's actually available, leading to disappointing substitutions.",Yes,2024-04-06
cens-0814580001-506,nan,1712409048547,5,Fresh sushi made daily is a treat.,Yes,2024-04-06
cens-0801740003-324,PISCINES MUNICIPALS,1712409048649,2,Needs more checkout staff during peak hours.,Yes,2024-04-06
cens-0814300000-745,ESTADI MUNICIPAL LA SORT,1712409048751,4,"Their online shopping and home delivery service have been a game-changer, especially with the intuitive app that makes ordering easy and efficient.",No,2024-04-06
cens-0814580001-464,PLANA RODONA,1712409048852,5,"The loyalty program is not only rewarding but also includes personalized discounts based on shopping history, which I find to be a thoughtful touch.",Yes,2024-04-06
cens-0800600000-330,nan,1712409048952,3,"The online inventory often doesn't match what's actually available, leading to disappointing substitutions.",Yes,2024-04-06
cens-0804620002-2507,KUBIK F4 DESIGN SL,1712409049054,3,Received a batch of spoiled fruits that were inedible upon arrival.,No,2024-04-06
cens-0812710007-255,SALA D'EXPOSICIÓ,1712409049155,2,Needs a better selection of non-dairy milk.,No,2024-04-06
cens-0812900000-9,nan,1712409049255,1,Could improve on the organic snack options.,No,2024-04-06
cens-0826280001-1212,CASA DE POBLE,1712409049355,5,Excellent customer service!,No,2024-04-06
cens-0811200000-1433,PEIXATERIA MEDITERRANI,1712409049454,5,"I was pleasantly surprised by their commitment to sustainability, with eco-friendly packaging and a wide range of bulk purchase options reducing plastic waste.",Yes,2024-04-06
cens-0816140003-668,Joyeria-Rellotgeria Álvarez,1712409049552,3,"I was disappointed to find that some of the produce, while labeled organic, did not seem to meet the usual standards of freshness and quality I expected.",Yes,2024-04-06
cens-0806920002-335,PALSON 6,1712409049652,2,I wish they had more cashiers on duty.,No,2024-04-06
cens-0816350006-3188,nan,1712409049753,4,Impressed by the local produce selection.,No,2024-04-06
cens-0827850006-92,nan,1712409049851,3,Found mold on several items that were supposed to be fresh; it's clear that quality control is lacking.,Yes,2024-04-06
cens-0826490004-348,HUTB-011966,1712409049948,1,The bakery section is a bit lacking.,Yes,2024-04-06
cens-0810430008-84,Ajuntament de la Llacuna,1712409050046,4,I appreciate the store's effort in organizing cooking classes; it's a great way to engage with the community and learn new recipes using ingredients sold right there.,No,2024-04-06
cens-0825540003-38,CA L'ANDALÓ,1712409050144,4,The selection of locally sourced honey and jams is not only extensive but brings a taste of the region's best flavors directly to our table.,Yes,2024-04-06
cens-0810430008-21,Cal Pujado,1712409050243,3,"The refund process is overly complicated and time-consuming, making it a hassle to return unsatisfactory items",No,2024-04-06
cens-0811200000-6,nan,1712409050345,2,The health and beauty section is lacking.,No,2024-04-06
cens-0811540003-369,DECOCRUZ,1712409050442,1,"Customer service responses are generic and unhelpful, failing to address specific concerns.",No,2024-04-06
cens-0824820002-707,BOMBAS BOYSER,1712409050540,1,Not satisfied with the freshness of perishables.,Yes,2024-04-06
cens-0811410007-2919,TETUAN,1712409050664,1,"Delivery drivers are careless, often leaving groceries in unsuitable locations where they can be damaged or stolen.",No,2024-04-06
cens-0825920002-62,JM PASCUAL,1712409050762,2,More eco-friendly packaging needed.,Yes,2024-04-06
cens-0807490004-260,nan,1712409050859,5,"The seafood counter offers an impressive array of fresh, sustainable options, and the knowledgeable staff can provide cooking tips and recipe ideas.",Yes,2024-04-06
cens-0811200000-1093,EL RACO DEL PICARESC,1712409050957,4,"Excellent packaging, ensuring all the delicate greens arrived in perfect condition.",No,2024-04-06
cens-0829170005-401,CEIP FONT DE L'ORPINA,1712409051058,3,Needs more checkout staff during peak hours.,Yes,2024-04-06
cens-0802290004-3967,nan,1712409051157,4,The cheese variety is incredible.,Yes,2024-04-06
cens-0804100000-201,nan,1712409051278,4,In-store cafe makes shopping a pleasure.,Yes,2024-04-06
cens-0811410007-2211,PERRUQUERIA CATALUNYA,1712409051385,3,Received a batch of spoiled fruits that were inedible upon arrival.,Yes,2024-04-06
cens-0813850006-177,MOBLES TOSCA,1712409051485,2,Needs more checkout staff during peak hours.,No,2024-04-06
cens-0818030008-5368,CPS LABORATORIO,1712409051586,4,The store brand products are top quality.,Yes,2024-04-06
cens-0820210007-1616,Quetzal,1712409051687,1,Disappointed by the seafood selection.,No,2024-04-06
cens-0812280001-245,nan,1712409051795,5,Bulk bin section is a money-saver.,No,2024-04-06
cens-0828300000-1196,PICO MOTOR,1712409051906,3,Needs more checkout staff during peak hours.,No,2024-04-06
cens-0824440003-201,"OPTICHROME COMPUTER SYSTEMS ESPAÑA, SAU",1712409052016,5,Impressed by the local produce selection.,No,2024-04-06
cens-0810690004-7380,El Xaragall,1712409052115,3,"The promised 'farm-fresh' quality falls short, with many items tasting no better than what's found in conventional stores.",No,2024-04-06
cens-0810690004-7485,Lega Sistemes,1712409052211,4,Their loyalty program is really worth it.,Yes,2024-04-06
cens-0826280001-243,nan,1712409052311,4,"The wine and beer selection is curated with care, featuring local breweries and vineyards alongside well-known global brands, making it a go-to for any occasion.",No,2024-04-06
cens-0816720002-368,NUDEC,1712409052410,4,The cheese variety is incredible.,Yes,2024-04-06
cens-7004660009-52,PERRUQUERIA,1712409052509,4,Found everything I needed and more!,Yes,2024-04-06
cens-0814190004-268,MIQUEL MARTÍNEZ,1712409052611,5,Friendly and helpful pharmacy staff.,No,2024-04-06
cens-0818030008-4485,FLECA ORDEIG,1712409052711,1,"Although the selection of products is generally outstanding, I've noticed that staple items can be out of stock, which can be inconvenient for regular shopping.",Yes,2024-04-06
cens-0828960009-131,SIDERTEX,1712409052808,2,Received a batch of spoiled fruits that were inedible upon arrival.,Yes,2024-04-06
cens-0803330008-376,HARD VALLES,1712409052909,2,Disappointed by the seafood selection.,No,2024-04-06
cens-0804620002-1071,ARCO IRIS,1712409053009,4,Great prices and friendly staff.,No,2024-04-06
cens-0814300000-682,TALLER RAMON,1712409053112,5,The deli section offers amazing sandwiches.,Yes,2024-04-06
cens-0816350006-1132,MAS CANOVAS,1712409053208,4,"I was pleasantly surprised by their commitment to sustainability, with eco-friendly packaging and a wide range of bulk purchase options reducing plastic waste.",Yes,2024-04-06
cens-0811200000-1303,PERRUQUERIA GERARD,1712409053309,1,The store layout is confusing.,Yes,2024-04-06
cens-0824390004-27,LA TERRADA,1712409053403,4,Their loyalty program is really worth it.,Yes,2024-04-06
cens-0825150006-786,"SERIVID TRADE, S.L.",1712409053504,1,Always out of my favorite items.,No,2024-04-06
cens-0811200000-1098,nan,1712409053602,4,"They offer a remarkable range of dietary-specific products, from keto and paleo to gluten-free and sugar-free, making healthy living more accessible.",No,2024-04-06
cens-0820210007-2224,nan,1712409053702,1,"I was disappointed to find that some of the produce, while labeled organic, did not seem to meet the usual standards of freshness and quality I expected.",No,2024-04-06
cens-0802290004-2405,nan,1712409053802,5,In-store cafe makes shopping a pleasure.,No,2024-04-06
cens-0818100000-324,nan,1712409053903,3,Could use more variety in organic options.,Yes,2024-04-06
cens-0816350006-3234,nan,1712409054002,1,"Customer service responses are generic and unhelpful, failing to address specific concerns.",No,2024-04-06
cens-0811410007-2528,PERRUQUERIA EL BARRI,1712409054102,3,"Despite its many positives, the store could improve by extending its hours on weekends to accommodate those with busy work schedules.",Yes,2024-04-06
cens-0823460009-57,EUGASSADA JUANOLA SCP,1712409054203,1,Received a batch of spoiled fruits that were inedible upon arrival.,Yes,2024-04-06
cens-0811200000-649,nan,1712409054302,2,Parking was a nightmare.,Yes,2024-04-06
cens-0823030008-106,nan,1712409054398,1,Received a batch of spoiled fruits that were inedible upon arrival.,No,2024-04-06
cens-0810690004-7614,Evarist Automoció SL,1712409054497,1,The store layout is confusing.,Yes,2024-04-06
cens-0821880001-711,nan,1712409054599,3,More eco-friendly packaging needed.,No,2024-04-06
cens-0819760009-525,FORN SANT PERE CUCO'S DELICATESSEN,1712409054698,2,Could improve on the organic snack options.,Yes,2024-04-06
cens-0810000000-551,nan,1712409054797,2,More eco-friendly packaging needed.,Yes,2024-04-06
cens-0824760009-345,nan,1712409054899,4,"The variety of plant-based and vegan products is impressive, catering to dietary needs that are often overlooked in traditional grocery stores.",No,2024-04-06
cens-0800570005-65,HOLZMA,1712409054996,3,More eco-friendly packaging needed.,Yes,2024-04-06
cens-0814580001-623,CAVES TORREBLANCA GRIMAU,1712409055097,3,Could improve on the organic snack options.,No,2024-04-06
cens-0800600000-2753,nan,1712409055198,2,Customer service could be more attentive.,Yes,2024-04-06
cens-0804100000-362,FRAVIA FABRICA DE SOFAS,1712409055298,5,"The store's interior design and layout make shopping a pleasant experience, with wide aisles, clearly marked sections, and a welcoming atmosphere.",Yes,2024-04-06
cens-0822270005-207,COEMVA,1712409055398,1,I wish they had more cashiers on duty.,No,2024-04-06
cens-0805380001-101,FRUITERIA MÉS QUE FRUITA,1712409055496,1,"Delivery drivers are careless, often leaving groceries in unsuitable locations where they can be damaged or stolen.",Yes,2024-04-06
cens-0828960009-209,OUS DE CAN REINAL,1712409055595,3,Could improve on the organic snack options.,Yes,2024-04-06
cens-0828580001-1155,LA PISCINA,1712409055696,5,"I was pleasantly surprised by their commitment to sustainability, with eco-friendly packaging and a wide range of bulk purchase options reducing plastic waste.",Yes,2024-04-06
cens-0819230008-2235,FENIX ENGINYERS,1712409055797,2,"Although the selection of products is generally outstanding, I've noticed that staple items can be out of stock, which can be inconvenient for regular shopping.",Yes,2024-04-06
cens-0819760009-1026,nan,1712409055899,5,Friendly and helpful pharmacy staff.,No,2024-04-06
cens-0824010007-1083,CAVES MONASTELL,1712409056006,3,"Customer service responses are generic and unhelpful, failing to address specific concerns.",No,2024-04-06
cens-0811410007-74,BASAR ORIENT,1712409056105,3,Could improve on the organic snack options.,No,2024-04-06
cens-0818030008-5657,DEPARTAMENT DE SERVEIS SOCIALS,1712409056205,2,Found mold on several items that were supposed to be fresh; it's clear that quality control is lacking.,Yes,2024-04-06
cens-0815930008-2454,nan,1712409056302,4,Best place for vegan groceries.,Yes,2024-04-06
cens-0800180001-1962,Malla Ràpid,1712409056401,4,"The inclusion of a small cafe within the store is perfect for a quick break during shopping trips, offering excellent coffee and snacks.",No,2024-04-06
cens-0816140003-978,Clarel,1712409056502,4,Awesome selection of organic foods!,Yes,2024-04-06
cens-0802290004-2357,"EL POLLASTRE D'OR, SL",1712409056603,5,"I was impressed by the store's initiative to offer educational tours to schools, teaching children about nutrition and the importance of local farming.",Yes,2024-04-06
cens-0801680001-82,GRANJA RIUGREIXER,1712409056700,2,"Delivery drivers are careless, often leaving groceries in unsuitable locations where they can be damaged or stolen.",Yes,2024-04-06
cens-0828960009-272,SERVEIS COMARCALS I D'INSTAL·LACIONS SL,1712409056798,4,The loyalty app is super convenient.,Yes,2024-04-06
cens-0821880001-249,BAGES ASSESSORAMENT I GESTIO,1712409056898,4,The loyalty app is super convenient.,Yes,2024-04-06
cens-0808850006-1693,MONTSERRAT CIRERA PERRUQUERIA,1712409056996,1,Parking was a nightmare.,No,2024-04-06
cens-0821400000-399,CAIXA D'ESTALVIS I PENSIONS DE BARCELONA,1712409057094,2,More eco-friendly packaging needed.,Yes,2024-04-06
cens-0811200000-1488,nan,1712409057196,3,"Although the selection of products is generally outstanding, I've noticed that staple items can be out of stock, which can be inconvenient for regular shopping.",No,2024-04-06
cens-0810560009-1302,LOCUTORI I INTERNET,1712409057296,5,In-store cafe makes shopping a pleasure.,No,2024-04-06
cens-0804100000-1275,nan,1712409057396,2,"I was disappointed to find that some of the produce, while labeled organic, did not seem to meet the usual standards of freshness and quality I expected.",Yes,2024-04-06
cens-0820210007-3623,nan,1712409057497,1,Found mold on several items that were supposed to be fresh; it's clear that quality control is lacking.,Yes,2024-04-06
cens-0821350006-138,nan,1712409057597,5,Love the fresh produce!,Yes,2024-04-06
cens-0823310007-265,MAS REDORTRA,1712409057694,1,I wish they had more cashiers on duty.,No,2024-04-06
